id,title,type,subtype,axes,categories,series,numeric_summary
CASE_02487,Relative share by category in web analytics (02487),Pie,Pie,"{'x': {'min': 'Direct', 'max': 'Referral', 'interval': 1, 'unit': 'category'}, 'y': {'min': 1.5, 'max': 88.8, 'interval': 21.825, 'unit': '% of sessions'}}","['Direct', 'Organic', 'Social', 'Email', 'Referral']",['Share'],"{'categories': {'count': 5, 'stats_by_category': [{'category': 'Direct', 'n': 1, 'sum': 88.8, 'min': 88.8, 'max': 88.8, 'range': 0.0, 'mean': 88.8, 'median': 88.8, 'mode': [], 'standard_deviation': 0.0, 'coefficient_of_variation': 0.0, 'quartiles': {'q1': 88.8, 'q2': 88.8, 'q3': 88.8}, 'iqr': 0.0, 'percentiles': {'p10': 88.8, 'p90': 88.8}, 'iqr_outliers': {'count': 0, 'values': []}, 'linear_trend': None}, {'category': 'Organic', 'n': 1, 'sum': 3.8, 'min': 3.8, 'max': 3.8, 'range': 0.0, 'mean': 3.8, 'median': 3.8, 'mode': [], 'standard_deviation': 0.0, 'coefficient_of_variation': 0.0, 'quartiles': {'q1': 3.8, 'q2': 3.8, 'q3': 3.8}, 'iqr': 0.0, 'percentiles': {'p10': 3.8, 'p90': 3.8}, 'iqr_outliers': {'count': 0, 'values': []}, 'linear_trend': None}, {'category': 'Social', 'n': 1, 'sum': 3.4, 'min': 3.4, 'max': 3.4, 'range': 0.0, 'mean': 3.4, 'median': 3.4, 'mode': [], 'standard_deviation': 0.0, 'coefficient_of_variation': 0.0, 'quartiles': {'q1': 3.4, 'q2': 3.4, 'q3': 3.4}, 'iqr': 0.0, 'percentiles': {'p10': 3.4, 'p90': 3.4}, 'iqr_outliers': {'count': 0, 'values': []}, 'linear_trend': None}, {'category': 'Email', 'n': 1, 'sum': 2.5, 'min': 2.5, 'max': 2.5, 'range': 0.0, 'mean': 2.5, 'median': 2.5, 'mode': [], 'standard_deviation': 0.0, 'coefficient_of_variation': 0.0, 'quartiles': {'q1': 2.5, 'q2': 2.5, 'q3': 2.5}, 'iqr': 0.0, 'percentiles': {'p10': 2.5, 'p90': 2.5}, 'iqr_outliers': {'count': 0, 'values': []}, 'linear_trend': None}, {'category': 'Referral', 'n': 1, 'sum': 1.5, 'min': 1.5, 'max': 1.5, 'range': 0.0, 'mean': 1.5, 'median': 1.5, 'mode': [], 'standard_deviation': 0.0, 'coefficient_of_variation': 0.0, 'quartiles': {'q1': 1.5, 'q2': 1.5, 'q3': 1.5}, 'iqr': 0.0, 'percentiles': {'p10': 1.5, 'p90': 1.5}, 'iqr_outliers': {'count': 0, 'values': []}, 'linear_trend': None}]}, 'series': {'count': 1, 'stats_by_series': [{'series': 'Share', 'n': 5, 'sum': 100.0, 'min': 1.5, 'max': 88.8, 'range': 87.3, 'mean': 20.0, 'median': 3.4, 'mode': [], 'standard_deviation': 38.470573, 'coefficient_of_variation': 1.923529, 'quartiles': {'q1': 2.5, 'q2': 3.4, 'q3': 3.8}, 'iqr': 1.3, 'percentiles': {'p10': 1.9, 'p90': 54.8}, 'iqr_outliers': {'count': 1, 'values': [88.8]}, 'linear_trend': -17.59}]}, 'global_stats': {'n': 5, 'sum': 100.0, 'min': 1.5, 'max': 88.8, 'range': 87.3, 'mean': 20.0, 'median': 3.4, 'mode': [], 'standard_deviation': 38.470573, 'coefficient_of_variation': 1.923529, 'quartiles': {'q1': 2.5, 'q2': 3.4, 'q3': 3.8}, 'iqr': 1.3, 'percentiles': {'p10': 1.9, 'p90': 54.8}, 'iqr_outliers': {'count': 1, 'values': [88.8]}, 'linear_trend': -17.59}, 'chart_max_value': 88.8, 'chart_min_value': 1.5, 'xy_correlation': None}"
CASE_02489,Relative share by category in sales (02489),Pie,Pie,"{'x': {'min': 'Physical store', 'max': 'Subscription', 'interval': 1, 'unit': 'category'}, 'y': {'min': 11.8, 'max': 12.9, 'interval': 0.22, 'unit': '% of sales'}}","['Physical store', 'E-commerce', 'Distributor', 'Marketplace', 'Phone channel', 'Direct-to-consumer', 'Franchise', 'Subscription']",['Share'],"{'categories': {'count': 8, 'stats_by_category': [{'category': 'Physical store', 'n': 1, 'sum': 11.8, 'min': 11.8, 'max': 11.8, 'range': 0.0, 'mean': 11.8, 'median': 11.8, 'mode': [], 'standard_deviation': 0.0, 'coefficient_of_variation': 0.0, 'quartiles': {'q1': 11.8, 'q2': 11.8, 'q3': 11.8}, 'iqr': 0.0, 'percentiles': {'p10': 11.8, 'p90': 11.8}, 'iqr_outliers': {'count': 0, 'values': []}, 'linear_trend': None}, {'category': 'E-commerce', 'n': 1, 'sum': 12.0, 'min': 12.0, 'max': 12.0, 'range': 0.0, 'mean': 12.0, 'median': 12.0, 'mode': [], 'standard_deviation': 0.0, 'coefficient_of_variation': 0.0, 'quartiles': {'q1': 12.0, 'q2': 12.0, 'q3': 12.0}, 'iqr': 0.0, 'percentiles': {'p10': 12.0, 'p90': 12.0}, 'iqr_outliers': {'count': 0, 'values': []}, 'linear_trend': None}, {'category': 'Distributor', 'n': 1, 'sum': 12.7, 'min': 12.7, 'max': 12.7, 'range': 0.0, 'mean': 12.7, 'median': 12.7, 'mode': [], 'standard_deviation': 0.0, 'coefficient_of_variation': 0.0, 'quartiles': {'q1': 12.7, 'q2': 12.7, 'q3': 12.7}, 'iqr': 0.0, 'percentiles': {'p10': 12.7, 'p90': 12.7}, 'iqr_outliers': {'count': 0, 'values': []}, 'linear_trend': None}, {'category': 'Marketplace', 'n': 1, 'sum': 12.5, 'min': 12.5, 'max': 12.5, 'range': 0.0, 'mean': 12.5, 'median': 12.5, 'mode': [], 'standard_deviation': 0.0, 'coefficient_of_variation': 0.0, 'quartiles': {'q1': 12.5, 'q2': 12.5, 'q3': 12.5}, 'iqr': 0.0, 'percentiles': {'p10': 12.5, 'p90': 12.5}, 'iqr_outliers': {'count': 0, 'values': []}, 'linear_trend': None}, {'category': 'Phone channel', 'n': 1, 'sum': 12.9, 'min': 12.9, 'max': 12.9, 'range': 0.0, 'mean': 12.9, 'median': 12.9, 'mode': [], 'standard_deviation': 0.0, 'coefficient_of_variation': 0.0, 'quartiles': {'q1': 12.9, 'q2': 12.9, 'q3': 12.9}, 'iqr': 0.0, 'percentiles': {'p10': 12.9, 'p90': 12.9}, 'iqr_outliers': {'count': 0, 'values': []}, 'linear_trend': None}, {'category': 'Direct-to-consumer', 'n': 1, 'sum': 12.6, 'min': 12.6, 'max': 12.6, 'range': 0.0, 'mean': 12.6, 'median': 12.6, 'mode': [], 'standard_deviation': 0.0, 'coefficient_of_variation': 0.0, 'quartiles': {'q1': 12.6, 'q2': 12.6, 'q3': 12.6}, 'iqr': 0.0, 'percentiles': {'p10': 12.6, 'p90': 12.6}, 'iqr_outliers': {'count': 0, 'values': []}, 'linear_trend': None}, {'category': 'Franchise', 'n': 1, 'sum': 12.9, 'min': 12.9, 'max': 12.9, 'range': 0.0, 'mean': 12.9, 'median': 12.9, 'mode': [], 'standard_deviation': 0.0, 'coefficient_of_variation': 0.0, 'quartiles': {'q1': 12.9, 'q2': 12.9, 'q3': 12.9}, 'iqr': 0.0, 'percentiles': {'p10': 12.9, 'p90': 12.9}, 'iqr_outliers': {'count': 0, 'values': []}, 'linear_trend': None}, {'category': 'Subscription', 'n': 1, 'sum': 12.6, 'min': 12.6, 'max': 12.6, 'range': 0.0, 'mean': 12.6, 'median': 12.6, 'mode': [], 'standard_deviation': 0.0, 'coefficient_of_variation': 0.0, 'quartiles': {'q1': 12.6, 'q2': 12.6, 'q3': 12.6}, 'iqr': 0.0, 'percentiles': {'p10': 12.6, 'p90': 12.6}, 'iqr_outliers': {'count': 0, 'values': []}, 'linear_trend': None}]}, 'series': {'count': 1, 'stats_by_series': [{'series': 'Share', 'n': 8, 'sum': 100.0, 'min': 11.8, 'max': 12.9, 'range': 1.1, 'mean': 12.5, 'median': 12.6, 'mode': [12.6, 12.9], 'standard_deviation': 0.4, 'coefficient_of_variation': 0.032, 'quartiles': {'q1': 12.375, 'q2': 12.6, 'q3': 12.75}, 'iqr': 0.375, 'percentiles': {'p10': 11.94, 'p90': 12.9}, 'iqr_outliers': {'count': 1, 'values': [11.8]}, 'linear_trend': 0.121429}]}, 'global_stats': {'n': 8, 'sum': 100.0, 'min': 11.8, 'max': 12.9, 'range': 1.1, 'mean': 12.5, 'median': 12.6, 'mode': [12.6, 12.9], 'standard_deviation': 0.4, 'coefficient_of_variation': 0.032, 'quartiles': {'q1': 12.375, 'q2': 12.6, 'q3': 12.75}, 'iqr': 0.375, 'percentiles': {'p10': 11.94, 'p90': 12.9}, 'iqr_outliers': {'count': 1, 'values': [11.8]}, 'linear_trend': 0.121429}, 'chart_max_value': 12.9, 'chart_min_value': 11.8, 'xy_correlation': None}"
CASE_02498,Relative share by category in education (02498),Pie,Pie,"{'x': {'min': 'Primary', 'max': 'University', 'interval': 1, 'unit': 'category'}, 'y': {'min': 18.6, 'max': 20.6, 'interval': 0.667, 'unit': '% of students'}}","['Primary', 'Lower secondary', 'Upper secondary', 'Vocational training', 'University']",['Share'],"{'categories': {'count': 5, 'stats_by_category': [{'category': 'Primary', 'n': 1, 'sum': 20.4, 'min': 20.4, 'max': 20.4, 'range': 0.0, 'mean': 20.4, 'median': 20.4, 'mode': [], 'standard_deviation': 0.0, 'coefficient_of_variation': 0.0, 'quartiles': {'q1': 20.4, 'q2': 20.4, 'q3': 20.4}, 'iqr': 0.0, 'percentiles': {'p10': 20.4, 'p90': 20.4}, 'iqr_outliers': {'count': 0, 'values': []}, 'linear_trend': None}, {'category': 'Lower secondary', 'n': 1, 'sum': 20.4, 'min': 20.4, 'max': 20.4, 'range': 0.0, 'mean': 20.4, 'median': 20.4, 'mode': [], 'standard_deviation': 0.0, 'coefficient_of_variation': 0.0, 'quartiles': {'q1': 20.4, 'q2': 20.4, 'q3': 20.4}, 'iqr': 0.0, 'percentiles': {'p10': 20.4, 'p90': 20.4}, 'iqr_outliers': {'count': 0, 'values': []}, 'linear_trend': None}, {'category': 'Upper secondary', 'n': 1, 'sum': 18.6, 'min': 18.6, 'max': 18.6, 'range': 0.0, 'mean': 18.6, 'median': 18.6, 'mode': [], 'standard_deviation': 0.0, 'coefficient_of_variation': 0.0, 'quartiles': {'q1': 18.6, 'q2': 18.6, 'q3': 18.6}, 'iqr': 0.0, 'percentiles': {'p10': 18.6, 'p90': 18.6}, 'iqr_outliers': {'count': 0, 'values': []}, 'linear_trend': None}, {'category': 'Vocational training', 'n': 1, 'sum': 20.6, 'min': 20.6, 'max': 20.6, 'range': 0.0, 'mean': 20.6, 'median': 20.6, 'mode': [], 'standard_deviation': 0.0, 'coefficient_of_variation': 0.0, 'quartiles': {'q1': 20.6, 'q2': 20.6, 'q3': 20.6}, 'iqr': 0.0, 'percentiles': {'p10': 20.6, 'p90': 20.6}, 'iqr_outliers': {'count': 0, 'values': []}, 'linear_trend': None}, {'category': 'University', 'n': 1, 'sum': 20.0, 'min': 20.0, 'max': 20.0, 'range': 0.0, 'mean': 20.0, 'median': 20.0, 'mode': [], 'standard_deviation': 0.0, 'coefficient_of_variation': 0.0, 'quartiles': {'q1': 20.0, 'q2': 20.0, 'q3': 20.0}, 'iqr': 0.0, 'percentiles': {'p10': 20.0, 'p90': 20.0}, 'iqr_outliers': {'count': 0, 'values': []}, 'linear_trend': None}]}, 'series': {'count': 1, 'stats_by_series': [{'series': 'Share', 'n': 5, 'sum': 100.0, 'min': 18.6, 'max': 20.6, 'range': 2.0, 'mean': 20.0, 'median': 20.4, 'mode': [20.4], 'standard_deviation': 0.812404, 'coefficient_of_variation': 0.04062, 'quartiles': {'q1': 20.0, 'q2': 20.4, 'q3': 20.4}, 'iqr': 0.4, 'percentiles': {'p10': 19.16, 'p90': 20.52}, 'iqr_outliers': {'count': 1, 'values': [18.6]}, 'linear_trend': -0.06}]}, 'global_stats': {'n': 5, 'sum': 100.0, 'min': 18.6, 'max': 20.6, 'range': 2.0, 'mean': 20.0, 'median': 20.4, 'mode': [20.4], 'standard_deviation': 0.812404, 'coefficient_of_variation': 0.04062, 'quartiles': {'q1': 20.0, 'q2': 20.4, 'q3': 20.4}, 'iqr': 0.4, 'percentiles': {'p10': 19.16, 'p90': 20.52}, 'iqr_outliers': {'count': 1, 'values': [18.6]}, 'linear_trend': -0.06}, 'chart_max_value': 20.6, 'chart_min_value': 18.6, 'xy_correlation': None}"
CASE_02504,Relative share by category in sales (02504),Pie,Pie,"{'x': {'min': 'Physical store', 'max': 'Flash sale', 'interval': 1, 'unit': 'category'}, 'y': {'min': 0.5, 'max': 89.7, 'interval': 11.15, 'unit': '% of sales'}}","['Physical store', 'E-commerce', 'Distributor', 'Marketplace', 'Phone channel', 'Direct-to-consumer', 'Franchise', 'Subscription', 'Export', 'Tender', 'Wholesaler', 'Flash sale']",['Share'],"{'categories': {'count': 12, 'stats_by_category': [{'category': 'Physical store', 'n': 1, 'sum': 89.7, 'min': 89.7, 'max': 89.7, 'range': 0.0, 'mean': 89.7, 'median': 89.7, 'mode': [], 'standard_deviation': 0.0, 'coefficient_of_variation': 0.0, 'quartiles': {'q1': 89.7, 'q2': 89.7, 'q3': 89.7}, 'iqr': 0.0, 'percentiles': {'p10': 89.7, 'p90': 89.7}, 'iqr_outliers': {'count': 0, 'values': []}, 'linear_trend': None}, {'category': 'E-commerce', 'n': 1, 'sum': 2.0, 'min': 2.0, 'max': 2.0, 'range': 0.0, 'mean': 2.0, 'median': 2.0, 'mode': [], 'standard_deviation': 0.0, 'coefficient_of_variation': 0.0, 'quartiles': {'q1': 2.0, 'q2': 2.0, 'q3': 2.0}, 'iqr': 0.0, 'percentiles': {'p10': 2.0, 'p90': 2.0}, 'iqr_outliers': {'count': 0, 'values': []}, 'linear_trend': None}, {'category': 'Distributor', 'n': 1, 'sum': 1.3, 'min': 1.3, 'max': 1.3, 'range': 0.0, 'mean': 1.3, 'median': 1.3, 'mode': [], 'standard_deviation': 0.0, 'coefficient_of_variation': 0.0, 'quartiles': {'q1': 1.3, 'q2': 1.3, 'q3': 1.3}, 'iqr': 0.0, 'percentiles': {'p10': 1.3, 'p90': 1.3}, 'iqr_outliers': {'count': 0, 'values': []}, 'linear_trend': None}, {'category': 'Marketplace', 'n': 1, 'sum': 0.9, 'min': 0.9, 'max': 0.9, 'range': 0.0, 'mean': 0.9, 'median': 0.9, 'mode': [], 'standard_deviation': 0.0, 'coefficient_of_variation': 0.0, 'quartiles': {'q1': 0.9, 'q2': 0.9, 'q3': 0.9}, 'iqr': 0.0, 'percentiles': {'p10': 0.9, 'p90': 0.9}, 'iqr_outliers': {'count': 0, 'values': []}, 'linear_trend': None}, {'category': 'Phone channel', 'n': 1, 'sum': 1.1, 'min': 1.1, 'max': 1.1, 'range': 0.0, 'mean': 1.1, 'median': 1.1, 'mode': [], 'standard_deviation': 0.0, 'coefficient_of_variation': 0.0, 'quartiles': {'q1': 1.1, 'q2': 1.1, 'q3': 1.1}, 'iqr': 0.0, 'percentiles': {'p10': 1.1, 'p90': 1.1}, 'iqr_outliers': {'count': 0, 'values': []}, 'linear_trend': None}, {'category': 'Direct-to-consumer', 'n': 1, 'sum': 1.0, 'min': 1.0, 'max': 1.0, 'range': 0.0, 'mean': 1.0, 'median': 1.0, 'mode': [], 'standard_deviation': 0.0, 'coefficient_of_variation': 0.0, 'quartiles': {'q1': 1.0, 'q2': 1.0, 'q3': 1.0}, 'iqr': 0.0, 'percentiles': {'p10': 1.0, 'p90': 1.0}, 'iqr_outliers': {'count': 0, 'values': []}, 'linear_trend': None}, {'category': 'Franchise', 'n': 1, 'sum': 0.6, 'min': 0.6, 'max': 0.6, 'range': 0.0, 'mean': 0.6, 'median': 0.6, 'mode': [], 'standard_deviation': 0.0, 'coefficient_of_variation': 0.0, 'quartiles': {'q1': 0.6, 'q2': 0.6, 'q3': 0.6}, 'iqr': 0.0, 'percentiles': {'p10': 0.6, 'p90': 0.6}, 'iqr_outliers': {'count': 0, 'values': []}, 'linear_trend': None}, {'category': 'Subscription', 'n': 1, 'sum': 0.6, 'min': 0.6, 'max': 0.6, 'range': 0.0, 'mean': 0.6, 'median': 0.6, 'mode': [], 'standard_deviation': 0.0, 'coefficient_of_variation': 0.0, 'quartiles': {'q1': 0.6, 'q2': 0.6, 'q3': 0.6}, 'iqr': 0.0, 'percentiles': {'p10': 0.6, 'p90': 0.6}, 'iqr_outliers': {'count': 0, 'values': []}, 'linear_trend': None}, {'category': 'Export', 'n': 1, 'sum': 0.9, 'min': 0.9, 'max': 0.9, 'range': 0.0, 'mean': 0.9, 'median': 0.9, 'mode': [], 'standard_deviation': 0.0, 'coefficient_of_variation': 0.0, 'quartiles': {'q1': 0.9, 'q2': 0.9, 'q3': 0.9}, 'iqr': 0.0, 'percentiles': {'p10': 0.9, 'p90': 0.9}, 'iqr_outliers': {'count': 0, 'values': []}, 'linear_trend': None}, {'category': 'Tender', 'n': 1, 'sum': 0.7, 'min': 0.7, 'max': 0.7, 'range': 0.0, 'mean': 0.7, 'median': 0.7, 'mode': [], 'standard_deviation': 0.0, 'coefficient_of_variation': 0.0, 'quartiles': {'q1': 0.7, 'q2': 0.7, 'q3': 0.7}, 'iqr': 0.0, 'percentiles': {'p10': 0.7, 'p90': 0.7}, 'iqr_outliers': {'count': 0, 'values': []}, 'linear_trend': None}, {'category': 'Wholesaler', 'n': 1, 'sum': 0.7, 'min': 0.7, 'max': 0.7, 'range': 0.0, 'mean': 0.7, 'median': 0.7, 'mode': [], 'standard_deviation': 0.0, 'coefficient_of_variation': 0.0, 'quartiles': {'q1': 0.7, 'q2': 0.7, 'q3': 0.7}, 'iqr': 0.0, 'percentiles': {'p10': 0.7, 'p90': 0.7}, 'iqr_outliers': {'count': 0, 'values': []}, 'linear_trend': None}, {'category': 'Flash sale', 'n': 1, 'sum': 0.5, 'min': 0.5, 'max': 0.5, 'range': 0.0, 'mean': 0.5, 'median': 0.5, 'mode': [], 'standard_deviation': 0.0, 'coefficient_of_variation': 0.0, 'quartiles': {'q1': 0.5, 'q2': 0.5, 'q3': 0.5}, 'iqr': 0.0, 'percentiles': {'p10': 0.5, 'p90': 0.5}, 'iqr_outliers': {'count': 0, 'values': []}, 'linear_trend': None}]}, 'series': {'count': 1, 'stats_by_series': [{'series': 'Share', 'n': 12, 'sum': 100.0, 'min': 0.5, 'max': 89.7, 'range': 89.2, 'mean': 8.333333, 'median': 0.9, 'mode': [0.6, 0.7, 0.9], 'standard_deviation': 25.627093, 'coefficient_of_variation': 3.075251, 'quartiles': {'q1': 0.675, 'q2': 0.9, 'q3': 1.15}, 'iqr': 0.475, 'percentiles': {'p10': 0.6, 'p90': 1.93}, 'iqr_outliers': {'count': 2, 'values': [2.0, 89.7]}, 'linear_trend': -3.493007}]}, 'global_stats': {'n': 12, 'sum': 100.0, 'min': 0.5, 'max': 89.7, 'range': 89.2, 'mean': 8.333333, 'median': 0.9, 'mode': [0.6, 0.7, 0.9], 'standard_deviation': 25.627093, 'coefficient_of_variation': 3.075251, 'quartiles': {'q1': 0.675, 'q2': 0.9, 'q3': 1.15}, 'iqr': 0.475, 'percentiles': {'p10': 0.6, 'p90': 1.93}, 'iqr_outliers': {'count': 2, 'values': [2.0, 89.7]}, 'linear_trend': -3.493007}, 'chart_max_value': 89.7, 'chart_min_value': 0.5, 'xy_correlation': None}"
CASE_02506,Relative share by category in operations (02506),Pie,Pie,"{'x': {'min': 'Receiving', 'max': 'Dispatch', 'interval': 1, 'unit': 'category'}, 'y': {'min': 31.5, 'max': 35.0, 'interval': 1.75, 'unit': '% of activity'}}","['Receiving', 'Picking', 'Dispatch']",['Share'],"{'categories': {'count': 3, 'stats_by_category': [{'category': 'Receiving', 'n': 1, 'sum': 35.0, 'min': 35.0, 'max': 35.0, 'range': 0.0, 'mean': 35.0, 'median': 35.0, 'mode': [], 'standard_deviation': 0.0, 'coefficient_of_variation': 0.0, 'quartiles': {'q1': 35.0, 'q2': 35.0, 'q3': 35.0}, 'iqr': 0.0, 'percentiles': {'p10': 35.0, 'p90': 35.0}, 'iqr_outliers': {'count': 0, 'values': []}, 'linear_trend': None}, {'category': 'Picking', 'n': 1, 'sum': 33.5, 'min': 33.5, 'max': 33.5, 'range': 0.0, 'mean': 33.5, 'median': 33.5, 'mode': [], 'standard_deviation': 0.0, 'coefficient_of_variation': 0.0, 'quartiles': {'q1': 33.5, 'q2': 33.5, 'q3': 33.5}, 'iqr': 0.0, 'percentiles': {'p10': 33.5, 'p90': 33.5}, 'iqr_outliers': {'count': 0, 'values': []}, 'linear_trend': None}, {'category': 'Dispatch', 'n': 1, 'sum': 31.5, 'min': 31.5, 'max': 31.5, 'range': 0.0, 'mean': 31.5, 'median': 31.5, 'mode': [], 'standard_deviation': 0.0, 'coefficient_of_variation': 0.0, 'quartiles': {'q1': 31.5, 'q2': 31.5, 'q3': 31.5}, 'iqr': 0.0, 'percentiles': {'p10': 31.5, 'p90': 31.5}, 'iqr_outliers': {'count': 0, 'values': []}, 'linear_trend': None}]}, 'series': {'count': 1, 'stats_by_series': [{'series': 'Share', 'n': 3, 'sum': 100.0, 'min': 31.5, 'max': 35.0, 'range': 3.5, 'mean': 33.333333, 'median': 33.5, 'mode': [], 'standard_deviation': 1.755942, 'coefficient_of_variation': 0.052678, 'quartiles': {'q1': 32.5, 'q2': 33.5, 'q3': 34.25}, 'iqr': 1.75, 'percentiles': {'p10': 31.9, 'p90': 34.7}, 'iqr_outliers': {'count': 0, 'values': []}, 'linear_trend': -1.75}]}, 'global_stats': {'n': 3, 'sum': 100.0, 'min': 31.5, 'max': 35.0, 'range': 3.5, 'mean': 33.333333, 'median': 33.5, 'mode': [], 'standard_deviation': 1.755942, 'coefficient_of_variation': 0.052678, 'quartiles': {'q1': 32.5, 'q2': 33.5, 'q3': 34.25}, 'iqr': 1.75, 'percentiles': {'p10': 31.9, 'p90': 34.7}, 'iqr_outliers': {'count': 0, 'values': []}, 'linear_trend': -1.75}, 'chart_max_value': 35.0, 'chart_min_value': 31.5, 'xy_correlation': None}"
CASE_02510,Relative share by category in demographics (02510),Pie,Pie,"{'x': {'min': 'Children', 'max': 'Independent living', 'interval': 1, 'unit': 'category'}, 'y': {'min': 12.1, 'max': 13.3, 'interval': 0.24, 'unit': '% of total'}}","['Children', 'Youth', 'Adults', 'Seniors', 'Dependency', 'Migration', 'Housing', 'Independent living']",['Share'],"{'categories': {'count': 8, 'stats_by_category': [{'category': 'Children', 'n': 1, 'sum': 12.7, 'min': 12.7, 'max': 12.7, 'range': 0.0, 'mean': 12.7, 'median': 12.7, 'mode': [], 'standard_deviation': 0.0, 'coefficient_of_variation': 0.0, 'quartiles': {'q1': 12.7, 'q2': 12.7, 'q3': 12.7}, 'iqr': 0.0, 'percentiles': {'p10': 12.7, 'p90': 12.7}, 'iqr_outliers': {'count': 0, 'values': []}, 'linear_trend': None}, {'category': 'Youth', 'n': 1, 'sum': 12.9, 'min': 12.9, 'max': 12.9, 'range': 0.0, 'mean': 12.9, 'median': 12.9, 'mode': [], 'standard_deviation': 0.0, 'coefficient_of_variation': 0.0, 'quartiles': {'q1': 12.9, 'q2': 12.9, 'q3': 12.9}, 'iqr': 0.0, 'percentiles': {'p10': 12.9, 'p90': 12.9}, 'iqr_outliers': {'count': 0, 'values': []}, 'linear_trend': None}, {'category': 'Adults', 'n': 1, 'sum': 12.1, 'min': 12.1, 'max': 12.1, 'range': 0.0, 'mean': 12.1, 'median': 12.1, 'mode': [], 'standard_deviation': 0.0, 'coefficient_of_variation': 0.0, 'quartiles': {'q1': 12.1, 'q2': 12.1, 'q3': 12.1}, 'iqr': 0.0, 'percentiles': {'p10': 12.1, 'p90': 12.1}, 'iqr_outliers': {'count': 0, 'values': []}, 'linear_trend': None}, {'category': 'Seniors', 'n': 1, 'sum': 12.2, 'min': 12.2, 'max': 12.2, 'range': 0.0, 'mean': 12.2, 'median': 12.2, 'mode': [], 'standard_deviation': 0.0, 'coefficient_of_variation': 0.0, 'quartiles': {'q1': 12.2, 'q2': 12.2, 'q3': 12.2}, 'iqr': 0.0, 'percentiles': {'p10': 12.2, 'p90': 12.2}, 'iqr_outliers': {'count': 0, 'values': []}, 'linear_trend': None}, {'category': 'Dependency', 'n': 1, 'sum': 13.3, 'min': 13.3, 'max': 13.3, 'range': 0.0, 'mean': 13.3, 'median': 13.3, 'mode': [], 'standard_deviation': 0.0, 'coefficient_of_variation': 0.0, 'quartiles': {'q1': 13.3, 'q2': 13.3, 'q3': 13.3}, 'iqr': 0.0, 'percentiles': {'p10': 13.3, 'p90': 13.3}, 'iqr_outliers': {'count': 0, 'values': []}, 'linear_trend': None}, {'category': 'Migration', 'n': 1, 'sum': 12.2, 'min': 12.2, 'max': 12.2, 'range': 0.0, 'mean': 12.2, 'median': 12.2, 'mode': [], 'standard_deviation': 0.0, 'coefficient_of_variation': 0.0, 'quartiles': {'q1': 12.2, 'q2': 12.2, 'q3': 12.2}, 'iqr': 0.0, 'percentiles': {'p10': 12.2, 'p90': 12.2}, 'iqr_outliers': {'count': 0, 'values': []}, 'linear_trend': None}, {'category': 'Housing', 'n': 1, 'sum': 12.1, 'min': 12.1, 'max': 12.1, 'range': 0.0, 'mean': 12.1, 'median': 12.1, 'mode': [], 'standard_deviation': 0.0, 'coefficient_of_variation': 0.0, 'quartiles': {'q1': 12.1, 'q2': 12.1, 'q3': 12.1}, 'iqr': 0.0, 'percentiles': {'p10': 12.1, 'p90': 12.1}, 'iqr_outliers': {'count': 0, 'values': []}, 'linear_trend': None}, {'category': 'Independent living', 'n': 1, 'sum': 12.5, 'min': 12.5, 'max': 12.5, 'range': 0.0, 'mean': 12.5, 'median': 12.5, 'mode': [], 'standard_deviation': 0.0, 'coefficient_of_variation': 0.0, 'quartiles': {'q1': 12.5, 'q2': 12.5, 'q3': 12.5}, 'iqr': 0.0, 'percentiles': {'p10': 12.5, 'p90': 12.5}, 'iqr_outliers': {'count': 0, 'values': []}, 'linear_trend': None}]}, 'series': {'count': 1, 'stats_by_series': [{'series': 'Share', 'n': 8, 'sum': 100.0, 'min': 12.1, 'max': 13.3, 'range': 1.2, 'mean': 12.5, 'median': 12.35, 'mode': [12.1, 12.2], 'standard_deviation': 0.437526, 'coefficient_of_variation': 0.035002, 'quartiles': {'q1': 12.175, 'q2': 12.35, 'q3': 12.75}, 'iqr': 0.575, 'percentiles': {'p10': 12.1, 'p90': 13.02}, 'iqr_outliers': {'count': 0, 'values': []}, 'linear_trend': -0.047619}]}, 'global_stats': {'n': 8, 'sum': 100.0, 'min': 12.1, 'max': 13.3, 'range': 1.2, 'mean': 12.5, 'median': 12.35, 'mode': [12.1, 12.2], 'standard_deviation': 0.437526, 'coefficient_of_variation': 0.035002, 'quartiles': {'q1': 12.175, 'q2': 12.35, 'q3': 12.75}, 'iqr': 0.575, 'percentiles': {'p10': 12.1, 'p90': 13.02}, 'iqr_outliers': {'count': 0, 'values': []}, 'linear_trend': -0.047619}, 'chart_max_value': 13.3, 'chart_min_value': 12.1, 'xy_correlation': None}"
CASE_02536,Relative share by category in operations (02536),Pie,Pie,"{'x': {'min': 'Receiving', 'max': 'Dispatch', 'interval': 1, 'unit': 'category'}, 'y': {'min': 5.8, 'max': 86.2, 'interval': 40.2, 'unit': '% of activity'}}","['Receiving', 'Picking', 'Dispatch']",['Share'],"{'categories': {'count': 3, 'stats_by_category': [{'category': 'Receiving', 'n': 1, 'sum': 86.2, 'min': 86.2, 'max': 86.2, 'range': 0.0, 'mean': 86.2, 'median': 86.2, 'mode': [], 'standard_deviation': 0.0, 'coefficient_of_variation': 0.0, 'quartiles': {'q1': 86.2, 'q2': 86.2, 'q3': 86.2}, 'iqr': 0.0, 'percentiles': {'p10': 86.2, 'p90': 86.2}, 'iqr_outliers': {'count': 0, 'values': []}, 'linear_trend': None}, {'category': 'Picking', 'n': 1, 'sum': 8.0, 'min': 8.0, 'max': 8.0, 'range': 0.0, 'mean': 8.0, 'median': 8.0, 'mode': [], 'standard_deviation': 0.0, 'coefficient_of_variation': 0.0, 'quartiles': {'q1': 8.0, 'q2': 8.0, 'q3': 8.0}, 'iqr': 0.0, 'percentiles': {'p10': 8.0, 'p90': 8.0}, 'iqr_outliers': {'count': 0, 'values': []}, 'linear_trend': None}, {'category': 'Dispatch', 'n': 1, 'sum': 5.8, 'min': 5.8, 'max': 5.8, 'range': 0.0, 'mean': 5.8, 'median': 5.8, 'mode': [], 'standard_deviation': 0.0, 'coefficient_of_variation': 0.0, 'quartiles': {'q1': 5.8, 'q2': 5.8, 'q3': 5.8}, 'iqr': 0.0, 'percentiles': {'p10': 5.8, 'p90': 5.8}, 'iqr_outliers': {'count': 0, 'values': []}, 'linear_trend': None}]}, 'series': {'count': 1, 'stats_by_series': [{'series': 'Share', 'n': 3, 'sum': 100.0, 'min': 5.8, 'max': 86.2, 'range': 80.4, 'mean': 33.333333, 'median': 8.0, 'mode': [], 'standard_deviation': 45.797089, 'coefficient_of_variation': 1.373913, 'quartiles': {'q1': 6.9, 'q2': 8.0, 'q3': 47.1}, 'iqr': 40.2, 'percentiles': {'p10': 6.24, 'p90': 70.56}, 'iqr_outliers': {'count': 0, 'values': []}, 'linear_trend': -40.2}]}, 'global_stats': {'n': 3, 'sum': 100.0, 'min': 5.8, 'max': 86.2, 'range': 80.4, 'mean': 33.333333, 'median': 8.0, 'mode': [], 'standard_deviation': 45.797089, 'coefficient_of_variation': 1.373913, 'quartiles': {'q1': 6.9, 'q2': 8.0, 'q3': 47.1}, 'iqr': 40.2, 'percentiles': {'p10': 6.24, 'p90': 70.56}, 'iqr_outliers': {'count': 0, 'values': []}, 'linear_trend': -40.2}, 'chart_max_value': 86.2, 'chart_min_value': 5.8, 'xy_correlation': None}"
CASE_02545,Relative share by category in demographics (02545),Pie,Pie,"{'x': {'min': 'Children', 'max': 'Dependency', 'interval': 1, 'unit': 'category'}, 'y': {'min': 18.9, 'max': 20.9, 'interval': 0.5, 'unit': '% of total'}}","['Children', 'Youth', 'Adults', 'Seniors', 'Dependency']",['Share'],"{'categories': {'count': 5, 'stats_by_category': [{'category': 'Children', 'n': 1, 'sum': 19.3, 'min': 19.3, 'max': 19.3, 'range': 0.0, 'mean': 19.3, 'median': 19.3, 'mode': [], 'standard_deviation': 0.0, 'coefficient_of_variation': 0.0, 'quartiles': {'q1': 19.3, 'q2': 19.3, 'q3': 19.3}, 'iqr': 0.0, 'percentiles': {'p10': 19.3, 'p90': 19.3}, 'iqr_outliers': {'count': 0, 'values': []}, 'linear_trend': None}, {'category': 'Youth', 'n': 1, 'sum': 20.7, 'min': 20.7, 'max': 20.7, 'range': 0.0, 'mean': 20.7, 'median': 20.7, 'mode': [], 'standard_deviation': 0.0, 'coefficient_of_variation': 0.0, 'quartiles': {'q1': 20.7, 'q2': 20.7, 'q3': 20.7}, 'iqr': 0.0, 'percentiles': {'p10': 20.7, 'p90': 20.7}, 'iqr_outliers': {'count': 0, 'values': []}, 'linear_trend': None}, {'category': 'Adults', 'n': 1, 'sum': 18.9, 'min': 18.9, 'max': 18.9, 'range': 0.0, 'mean': 18.9, 'median': 18.9, 'mode': [], 'standard_deviation': 0.0, 'coefficient_of_variation': 0.0, 'quartiles': {'q1': 18.9, 'q2': 18.9, 'q3': 18.9}, 'iqr': 0.0, 'percentiles': {'p10': 18.9, 'p90': 18.9}, 'iqr_outliers': {'count': 0, 'values': []}, 'linear_trend': None}, {'category': 'Seniors', 'n': 1, 'sum': 20.9, 'min': 20.9, 'max': 20.9, 'range': 0.0, 'mean': 20.9, 'median': 20.9, 'mode': [], 'standard_deviation': 0.0, 'coefficient_of_variation': 0.0, 'quartiles': {'q1': 20.9, 'q2': 20.9, 'q3': 20.9}, 'iqr': 0.0, 'percentiles': {'p10': 20.9, 'p90': 20.9}, 'iqr_outliers': {'count': 0, 'values': []}, 'linear_trend': None}, {'category': 'Dependency', 'n': 1, 'sum': 20.2, 'min': 20.2, 'max': 20.2, 'range': 0.0, 'mean': 20.2, 'median': 20.2, 'mode': [], 'standard_deviation': 0.0, 'coefficient_of_variation': 0.0, 'quartiles': {'q1': 20.2, 'q2': 20.2, 'q3': 20.2}, 'iqr': 0.0, 'percentiles': {'p10': 20.2, 'p90': 20.2}, 'iqr_outliers': {'count': 0, 'values': []}, 'linear_trend': None}]}, 'series': {'count': 1, 'stats_by_series': [{'series': 'Share', 'n': 5, 'sum': 100.0, 'min': 18.9, 'max': 20.9, 'range': 2.0, 'mean': 20.0, 'median': 20.2, 'mode': [], 'standard_deviation': 0.87178, 'coefficient_of_variation': 0.043589, 'quartiles': {'q1': 19.3, 'q2': 20.2, 'q3': 20.7}, 'iqr': 1.4, 'percentiles': {'p10': 19.06, 'p90': 20.82}, 'iqr_outliers': {'count': 0, 'values': []}, 'linear_trend': 0.2}]}, 'global_stats': {'n': 5, 'sum': 100.0, 'min': 18.9, 'max': 20.9, 'range': 2.0, 'mean': 20.0, 'median': 20.2, 'mode': [], 'standard_deviation': 0.87178, 'coefficient_of_variation': 0.043589, 'quartiles': {'q1': 19.3, 'q2': 20.2, 'q3': 20.7}, 'iqr': 1.4, 'percentiles': {'p10': 19.06, 'p90': 20.82}, 'iqr_outliers': {'count': 0, 'values': []}, 'linear_trend': 0.2}, 'chart_max_value': 20.9, 'chart_min_value': 18.9, 'xy_correlation': None}"
CASE_02547,Relative share by category in web analytics (02547),Pie,Pie,"{'x': {'min': 'Direct', 'max': 'Referral', 'interval': 1, 'unit': 'category'}, 'y': {'min': 1.6, 'max': 87.7, 'interval': 21.525, 'unit': '% of sessions'}}","['Direct', 'Organic', 'Social', 'Email', 'Referral']",['Share'],"{'categories': {'count': 5, 'stats_by_category': [{'category': 'Direct', 'n': 1, 'sum': 87.7, 'min': 87.7, 'max': 87.7, 'range': 0.0, 'mean': 87.7, 'median': 87.7, 'mode': [], 'standard_deviation': 0.0, 'coefficient_of_variation': 0.0, 'quartiles': {'q1': 87.7, 'q2': 87.7, 'q3': 87.7}, 'iqr': 0.0, 'percentiles': {'p10': 87.7, 'p90': 87.7}, 'iqr_outliers': {'count': 0, 'values': []}, 'linear_trend': None}, {'category': 'Organic', 'n': 1, 'sum': 4.9, 'min': 4.9, 'max': 4.9, 'range': 0.0, 'mean': 4.9, 'median': 4.9, 'mode': [], 'standard_deviation': 0.0, 'coefficient_of_variation': 0.0, 'quartiles': {'q1': 4.9, 'q2': 4.9, 'q3': 4.9}, 'iqr': 0.0, 'percentiles': {'p10': 4.9, 'p90': 4.9}, 'iqr_outliers': {'count': 0, 'values': []}, 'linear_trend': None}, {'category': 'Social', 'n': 1, 'sum': 3.4, 'min': 3.4, 'max': 3.4, 'range': 0.0, 'mean': 3.4, 'median': 3.4, 'mode': [], 'standard_deviation': 0.0, 'coefficient_of_variation': 0.0, 'quartiles': {'q1': 3.4, 'q2': 3.4, 'q3': 3.4}, 'iqr': 0.0, 'percentiles': {'p10': 3.4, 'p90': 3.4}, 'iqr_outliers': {'count': 0, 'values': []}, 'linear_trend': None}, {'category': 'Email', 'n': 1, 'sum': 2.4, 'min': 2.4, 'max': 2.4, 'range': 0.0, 'mean': 2.4, 'median': 2.4, 'mode': [], 'standard_deviation': 0.0, 'coefficient_of_variation': 0.0, 'quartiles': {'q1': 2.4, 'q2': 2.4, 'q3': 2.4}, 'iqr': 0.0, 'percentiles': {'p10': 2.4, 'p90': 2.4}, 'iqr_outliers': {'count': 0, 'values': []}, 'linear_trend': None}, {'category': 'Referral', 'n': 1, 'sum': 1.6, 'min': 1.6, 'max': 1.6, 'range': 0.0, 'mean': 1.6, 'median': 1.6, 'mode': [], 'standard_deviation': 0.0, 'coefficient_of_variation': 0.0, 'quartiles': {'q1': 1.6, 'q2': 1.6, 'q3': 1.6}, 'iqr': 0.0, 'percentiles': {'p10': 1.6, 'p90': 1.6}, 'iqr_outliers': {'count': 0, 'values': []}, 'linear_trend': None}]}, 'series': {'count': 1, 'stats_by_series': [{'series': 'Share', 'n': 5, 'sum': 100.0, 'min': 1.6, 'max': 87.7, 'range': 86.1, 'mean': 20.0, 'median': 3.4, 'mode': [], 'standard_deviation': 37.865486, 'coefficient_of_variation': 1.893274, 'quartiles': {'q1': 2.4, 'q2': 3.4, 'q3': 4.9}, 'iqr': 2.5, 'percentiles': {'p10': 1.92, 'p90': 54.58}, 'iqr_outliers': {'count': 1, 'values': [87.7]}, 'linear_trend': -17.47}]}, 'global_stats': {'n': 5, 'sum': 100.0, 'min': 1.6, 'max': 87.7, 'range': 86.1, 'mean': 20.0, 'median': 3.4, 'mode': [], 'standard_deviation': 37.865486, 'coefficient_of_variation': 1.893274, 'quartiles': {'q1': 2.4, 'q2': 3.4, 'q3': 4.9}, 'iqr': 2.5, 'percentiles': {'p10': 1.92, 'p90': 54.58}, 'iqr_outliers': {'count': 1, 'values': [87.7]}, 'linear_trend': -17.47}, 'chart_max_value': 87.7, 'chart_min_value': 1.6, 'xy_correlation': None}"
CASE_02548,Relative share by category in education (02548),Pie,Pie,"{'x': {'min': 'Primary', 'max': 'Upper secondary', 'interval': 1, 'unit': 'category'}, 'y': {'min': 5.1, 'max': 88.6, 'interval': 41.75, 'unit': '% of students'}}","['Primary', 'Lower secondary', 'Upper secondary']",['Share'],"{'categories': {'count': 3, 'stats_by_category': [{'category': 'Primary', 'n': 1, 'sum': 88.6, 'min': 88.6, 'max': 88.6, 'range': 0.0, 'mean': 88.6, 'median': 88.6, 'mode': [], 'standard_deviation': 0.0, 'coefficient_of_variation': 0.0, 'quartiles': {'q1': 88.6, 'q2': 88.6, 'q3': 88.6}, 'iqr': 0.0, 'percentiles': {'p10': 88.6, 'p90': 88.6}, 'iqr_outliers': {'count': 0, 'values': []}, 'linear_trend': None}, {'category': 'Lower secondary', 'n': 1, 'sum': 6.3, 'min': 6.3, 'max': 6.3, 'range': 0.0, 'mean': 6.3, 'median': 6.3, 'mode': [], 'standard_deviation': 0.0, 'coefficient_of_variation': 0.0, 'quartiles': {'q1': 6.3, 'q2': 6.3, 'q3': 6.3}, 'iqr': 0.0, 'percentiles': {'p10': 6.3, 'p90': 6.3}, 'iqr_outliers': {'count': 0, 'values': []}, 'linear_trend': None}, {'category': 'Upper secondary', 'n': 1, 'sum': 5.1, 'min': 5.1, 'max': 5.1, 'range': 0.0, 'mean': 5.1, 'median': 5.1, 'mode': [], 'standard_deviation': 0.0, 'coefficient_of_variation': 0.0, 'quartiles': {'q1': 5.1, 'q2': 5.1, 'q3': 5.1}, 'iqr': 0.0, 'percentiles': {'p10': 5.1, 'p90': 5.1}, 'iqr_outliers': {'count': 0, 'values': []}, 'linear_trend': None}]}, 'series': {'count': 1, 'stats_by_series': [{'series': 'Share', 'n': 3, 'sum': 100.0, 'min': 5.1, 'max': 88.6, 'range': 83.5, 'mean': 33.333333, 'median': 6.3, 'mode': [], 'standard_deviation': 47.866098, 'coefficient_of_variation': 1.435983, 'quartiles': {'q1': 5.7, 'q2': 6.3, 'q3': 47.45}, 'iqr': 41.75, 'percentiles': {'p10': 5.34, 'p90': 72.14}, 'iqr_outliers': {'count': 0, 'values': []}, 'linear_trend': -41.75}]}, 'global_stats': {'n': 3, 'sum': 100.0, 'min': 5.1, 'max': 88.6, 'range': 83.5, 'mean': 33.333333, 'median': 6.3, 'mode': [], 'standard_deviation': 47.866098, 'coefficient_of_variation': 1.435983, 'quartiles': {'q1': 5.7, 'q2': 6.3, 'q3': 47.45}, 'iqr': 41.75, 'percentiles': {'p10': 5.34, 'p90': 72.14}, 'iqr_outliers': {'count': 0, 'values': []}, 'linear_trend': -41.75}, 'chart_max_value': 88.6, 'chart_min_value': 5.1, 'xy_correlation': None}"
CASE_02565,Relative share by category in demographics (02565),Pie,Pie,"{'x': {'min': 'Children', 'max': 'Dependency', 'interval': 1, 'unit': 'category'}, 'y': {'min': 19.2, 'max': 21.5, 'interval': 0.575, 'unit': '% of total'}}","['Children', 'Youth', 'Adults', 'Seniors', 'Dependency']",['Share'],"{'categories': {'count': 5, 'stats_by_category': [{'category': 'Children', 'n': 1, 'sum': 19.2, 'min': 19.2, 'max': 19.2, 'range': 0.0, 'mean': 19.2, 'median': 19.2, 'mode': [], 'standard_deviation': 0.0, 'coefficient_of_variation': 0.0, 'quartiles': {'q1': 19.2, 'q2': 19.2, 'q3': 19.2}, 'iqr': 0.0, 'percentiles': {'p10': 19.2, 'p90': 19.2}, 'iqr_outliers': {'count': 0, 'values': []}, 'linear_trend': None}, {'category': 'Youth', 'n': 1, 'sum': 19.8, 'min': 19.8, 'max': 19.8, 'range': 0.0, 'mean': 19.8, 'median': 19.8, 'mode': [], 'standard_deviation': 0.0, 'coefficient_of_variation': 0.0, 'quartiles': {'q1': 19.8, 'q2': 19.8, 'q3': 19.8}, 'iqr': 0.0, 'percentiles': {'p10': 19.8, 'p90': 19.8}, 'iqr_outliers': {'count': 0, 'values': []}, 'linear_trend': None}, {'category': 'Adults', 'n': 1, 'sum': 20.2, 'min': 20.2, 'max': 20.2, 'range': 0.0, 'mean': 20.2, 'median': 20.2, 'mode': [], 'standard_deviation': 0.0, 'coefficient_of_variation': 0.0, 'quartiles': {'q1': 20.2, 'q2': 20.2, 'q3': 20.2}, 'iqr': 0.0, 'percentiles': {'p10': 20.2, 'p90': 20.2}, 'iqr_outliers': {'count': 0, 'values': []}, 'linear_trend': None}, {'category': 'Seniors', 'n': 1, 'sum': 19.3, 'min': 19.3, 'max': 19.3, 'range': 0.0, 'mean': 19.3, 'median': 19.3, 'mode': [], 'standard_deviation': 0.0, 'coefficient_of_variation': 0.0, 'quartiles': {'q1': 19.3, 'q2': 19.3, 'q3': 19.3}, 'iqr': 0.0, 'percentiles': {'p10': 19.3, 'p90': 19.3}, 'iqr_outliers': {'count': 0, 'values': []}, 'linear_trend': None}, {'category': 'Dependency', 'n': 1, 'sum': 21.5, 'min': 21.5, 'max': 21.5, 'range': 0.0, 'mean': 21.5, 'median': 21.5, 'mode': [], 'standard_deviation': 0.0, 'coefficient_of_variation': 0.0, 'quartiles': {'q1': 21.5, 'q2': 21.5, 'q3': 21.5}, 'iqr': 0.0, 'percentiles': {'p10': 21.5, 'p90': 21.5}, 'iqr_outliers': {'count': 0, 'values': []}, 'linear_trend': None}]}, 'series': {'count': 1, 'stats_by_series': [{'series': 'Share', 'n': 5, 'sum': 100.0, 'min': 19.2, 'max': 21.5, 'range': 2.3, 'mean': 20.0, 'median': 19.8, 'mode': [], 'standard_deviation': 0.930054, 'coefficient_of_variation': 0.046503, 'quartiles': {'q1': 19.3, 'q2': 19.8, 'q3': 20.2}, 'iqr': 0.9, 'percentiles': {'p10': 19.24, 'p90': 20.98}, 'iqr_outliers': {'count': 0, 'values': []}, 'linear_trend': 0.41}]}, 'global_stats': {'n': 5, 'sum': 100.0, 'min': 19.2, 'max': 21.5, 'range': 2.3, 'mean': 20.0, 'median': 19.8, 'mode': [], 'standard_deviation': 0.930054, 'coefficient_of_variation': 0.046503, 'quartiles': {'q1': 19.3, 'q2': 19.8, 'q3': 20.2}, 'iqr': 0.9, 'percentiles': {'p10': 19.24, 'p90': 20.98}, 'iqr_outliers': {'count': 0, 'values': []}, 'linear_trend': 0.41}, 'chart_max_value': 21.5, 'chart_min_value': 19.2, 'xy_correlation': None}"
CASE_02566,Relative share by category in operations (02566),Pie,Pie,"{'x': {'min': 'Receiving', 'max': 'Dispatch', 'interval': 1, 'unit': 'category'}, 'y': {'min': 32.8, 'max': 33.6, 'interval': 0.8, 'unit': '% of activity'}}","['Receiving', 'Picking', 'Dispatch']",['Share'],"{'categories': {'count': 3, 'stats_by_category': [{'category': 'Receiving', 'n': 1, 'sum': 32.8, 'min': 32.8, 'max': 32.8, 'range': 0.0, 'mean': 32.8, 'median': 32.8, 'mode': [], 'standard_deviation': 0.0, 'coefficient_of_variation': 0.0, 'quartiles': {'q1': 32.8, 'q2': 32.8, 'q3': 32.8}, 'iqr': 0.0, 'percentiles': {'p10': 32.8, 'p90': 32.8}, 'iqr_outliers': {'count': 0, 'values': []}, 'linear_trend': None}, {'category': 'Picking', 'n': 1, 'sum': 33.6, 'min': 33.6, 'max': 33.6, 'range': 0.0, 'mean': 33.6, 'median': 33.6, 'mode': [], 'standard_deviation': 0.0, 'coefficient_of_variation': 0.0, 'quartiles': {'q1': 33.6, 'q2': 33.6, 'q3': 33.6}, 'iqr': 0.0, 'percentiles': {'p10': 33.6, 'p90': 33.6}, 'iqr_outliers': {'count': 0, 'values': []}, 'linear_trend': None}, {'category': 'Dispatch', 'n': 1, 'sum': 33.6, 'min': 33.6, 'max': 33.6, 'range': 0.0, 'mean': 33.6, 'median': 33.6, 'mode': [], 'standard_deviation': 0.0, 'coefficient_of_variation': 0.0, 'quartiles': {'q1': 33.6, 'q2': 33.6, 'q3': 33.6}, 'iqr': 0.0, 'percentiles': {'p10': 33.6, 'p90': 33.6}, 'iqr_outliers': {'count': 0, 'values': []}, 'linear_trend': None}]}, 'series': {'count': 1, 'stats_by_series': [{'series': 'Share', 'n': 3, 'sum': 100.0, 'min': 32.8, 'max': 33.6, 'range': 0.8, 'mean': 33.333333, 'median': 33.6, 'mode': [33.6], 'standard_deviation': 0.46188, 'coefficient_of_variation': 0.013856, 'quartiles': {'q1': 33.2, 'q2': 33.6, 'q3': 33.6}, 'iqr': 0.4, 'percentiles': {'p10': 32.96, 'p90': 33.6}, 'iqr_outliers': {'count': 0, 'values': []}, 'linear_trend': 0.4}]}, 'global_stats': {'n': 3, 'sum': 100.0, 'min': 32.8, 'max': 33.6, 'range': 0.8, 'mean': 33.333333, 'median': 33.6, 'mode': [33.6], 'standard_deviation': 0.46188, 'coefficient_of_variation': 0.013856, 'quartiles': {'q1': 33.2, 'q2': 33.6, 'q3': 33.6}, 'iqr': 0.4, 'percentiles': {'p10': 32.96, 'p90': 33.6}, 'iqr_outliers': {'count': 0, 'values': []}, 'linear_trend': 0.4}, 'chart_max_value': 33.6, 'chart_min_value': 32.8, 'xy_correlation': None}"
CASE_02593,sales indicators by category (02593),Pie,Pie of Pie,"{'x': {'min': 'Physical store', 'max': 'Distributor', 'interval': 1, 'unit': 'category'}, 'y': {'min': 5.8, 'max': 88.1, 'interval': 41.15, 'unit': '% of sales'}}","['Physical store', 'E-commerce', 'Distributor']",['Share'],"{'categories': {'count': 3, 'stats_by_category': [{'category': 'Physical store', 'n': 1, 'sum': 88.1, 'min': 88.1, 'max': 88.1, 'range': 0.0, 'mean': 88.1, 'median': 88.1, 'mode': [], 'standard_deviation': 0.0, 'coefficient_of_variation': 0.0, 'quartiles': {'q1': 88.1, 'q2': 88.1, 'q3': 88.1}, 'iqr': 0.0, 'percentiles': {'p10': 88.1, 'p90': 88.1}, 'iqr_outliers': {'count': 0, 'values': []}, 'linear_trend': None}, {'category': 'E-commerce', 'n': 1, 'sum': 6.1, 'min': 6.1, 'max': 6.1, 'range': 0.0, 'mean': 6.1, 'median': 6.1, 'mode': [], 'standard_deviation': 0.0, 'coefficient_of_variation': 0.0, 'quartiles': {'q1': 6.1, 'q2': 6.1, 'q3': 6.1}, 'iqr': 0.0, 'percentiles': {'p10': 6.1, 'p90': 6.1}, 'iqr_outliers': {'count': 0, 'values': []}, 'linear_trend': None}, {'category': 'Distributor', 'n': 1, 'sum': 5.8, 'min': 5.8, 'max': 5.8, 'range': 0.0, 'mean': 5.8, 'median': 5.8, 'mode': [], 'standard_deviation': 0.0, 'coefficient_of_variation': 0.0, 'quartiles': {'q1': 5.8, 'q2': 5.8, 'q3': 5.8}, 'iqr': 0.0, 'percentiles': {'p10': 5.8, 'p90': 5.8}, 'iqr_outliers': {'count': 0, 'values': []}, 'linear_trend': None}]}, 'series': {'count': 1, 'stats_by_series': [{'series': 'Share', 'n': 3, 'sum': 100.0, 'min': 5.8, 'max': 88.1, 'range': 82.3, 'mean': 33.333333, 'median': 6.1, 'mode': [], 'standard_deviation': 47.429562, 'coefficient_of_variation': 1.422887, 'quartiles': {'q1': 5.95, 'q2': 6.1, 'q3': 47.1}, 'iqr': 41.15, 'percentiles': {'p10': 5.86, 'p90': 71.7}, 'iqr_outliers': {'count': 0, 'values': []}, 'linear_trend': -41.15}]}, 'global_stats': {'n': 3, 'sum': 100.0, 'min': 5.8, 'max': 88.1, 'range': 82.3, 'mean': 33.333333, 'median': 6.1, 'mode': [], 'standard_deviation': 47.429562, 'coefficient_of_variation': 1.422887, 'quartiles': {'q1': 5.95, 'q2': 6.1, 'q3': 47.1}, 'iqr': 41.15, 'percentiles': {'p10': 5.86, 'p90': 71.7}, 'iqr_outliers': {'count': 0, 'values': []}, 'linear_trend': -41.15}, 'chart_max_value': 88.1, 'chart_min_value': 5.8, 'xy_correlation': None}"
CASE_02602,education indicators by category (02602),Pie,Pie of Pie,"{'x': {'min': 'Primary', 'max': 'Basic computing', 'interval': 1, 'unit': 'category'}, 'y': {'min': 0.6, 'max': 90.3, 'interval': 12.814, 'unit': '% of students'}}","['Primary', 'Lower secondary', 'Upper secondary', 'Vocational training', 'University', 'Early childhood', 'Higher vocational training', 'Doctorate', 'Adults', 'Special education', 'Languages', 'Basic computing']",['Share'],"{'categories': {'count': 12, 'stats_by_category': [{'category': 'Primary', 'n': 1, 'sum': 90.3, 'min': 90.3, 'max': 90.3, 'range': 0.0, 'mean': 90.3, 'median': 90.3, 'mode': [], 'standard_deviation': 0.0, 'coefficient_of_variation': 0.0, 'quartiles': {'q1': 90.3, 'q2': 90.3, 'q3': 90.3}, 'iqr': 0.0, 'percentiles': {'p10': 90.3, 'p90': 90.3}, 'iqr_outliers': {'count': 0, 'values': []}, 'linear_trend': None}, {'category': 'Lower secondary', 'n': 1, 'sum': 1.7, 'min': 1.7, 'max': 1.7, 'range': 0.0, 'mean': 1.7, 'median': 1.7, 'mode': [], 'standard_deviation': 0.0, 'coefficient_of_variation': 0.0, 'quartiles': {'q1': 1.7, 'q2': 1.7, 'q3': 1.7}, 'iqr': 0.0, 'percentiles': {'p10': 1.7, 'p90': 1.7}, 'iqr_outliers': {'count': 0, 'values': []}, 'linear_trend': None}, {'category': 'Upper secondary', 'n': 1, 'sum': 1.1, 'min': 1.1, 'max': 1.1, 'range': 0.0, 'mean': 1.1, 'median': 1.1, 'mode': [], 'standard_deviation': 0.0, 'coefficient_of_variation': 0.0, 'quartiles': {'q1': 1.1, 'q2': 1.1, 'q3': 1.1}, 'iqr': 0.0, 'percentiles': {'p10': 1.1, 'p90': 1.1}, 'iqr_outliers': {'count': 0, 'values': []}, 'linear_trend': None}, {'category': 'Vocational training', 'n': 1, 'sum': 1.2, 'min': 1.2, 'max': 1.2, 'range': 0.0, 'mean': 1.2, 'median': 1.2, 'mode': [], 'standard_deviation': 0.0, 'coefficient_of_variation': 0.0, 'quartiles': {'q1': 1.2, 'q2': 1.2, 'q3': 1.2}, 'iqr': 0.0, 'percentiles': {'p10': 1.2, 'p90': 1.2}, 'iqr_outliers': {'count': 0, 'values': []}, 'linear_trend': None}, {'category': 'University', 'n': 1, 'sum': 0.9, 'min': 0.9, 'max': 0.9, 'range': 0.0, 'mean': 0.9, 'median': 0.9, 'mode': [], 'standard_deviation': 0.0, 'coefficient_of_variation': 0.0, 'quartiles': {'q1': 0.9, 'q2': 0.9, 'q3': 0.9}, 'iqr': 0.0, 'percentiles': {'p10': 0.9, 'p90': 0.9}, 'iqr_outliers': {'count': 0, 'values': []}, 'linear_trend': None}, {'category': 'Early childhood', 'n': 1, 'sum': 0.8, 'min': 0.8, 'max': 0.8, 'range': 0.0, 'mean': 0.8, 'median': 0.8, 'mode': [], 'standard_deviation': 0.0, 'coefficient_of_variation': 0.0, 'quartiles': {'q1': 0.8, 'q2': 0.8, 'q3': 0.8}, 'iqr': 0.0, 'percentiles': {'p10': 0.8, 'p90': 0.8}, 'iqr_outliers': {'count': 0, 'values': []}, 'linear_trend': None}, {'category': 'Higher vocational training', 'n': 1, 'sum': 0.6, 'min': 0.6, 'max': 0.6, 'range': 0.0, 'mean': 0.6, 'median': 0.6, 'mode': [], 'standard_deviation': 0.0, 'coefficient_of_variation': 0.0, 'quartiles': {'q1': 0.6, 'q2': 0.6, 'q3': 0.6}, 'iqr': 0.0, 'percentiles': {'p10': 0.6, 'p90': 0.6}, 'iqr_outliers': {'count': 0, 'values': []}, 'linear_trend': None}, {'category': 'Doctorate', 'n': 1, 'sum': 0.9, 'min': 0.9, 'max': 0.9, 'range': 0.0, 'mean': 0.9, 'median': 0.9, 'mode': [], 'standard_deviation': 0.0, 'coefficient_of_variation': 0.0, 'quartiles': {'q1': 0.9, 'q2': 0.9, 'q3': 0.9}, 'iqr': 0.0, 'percentiles': {'p10': 0.9, 'p90': 0.9}, 'iqr_outliers': {'count': 0, 'values': []}, 'linear_trend': None}, {'category': 'Adults', 'n': 1, 'sum': 0.6, 'min': 0.6, 'max': 0.6, 'range': 0.0, 'mean': 0.6, 'median': 0.6, 'mode': [], 'standard_deviation': 0.0, 'coefficient_of_variation': 0.0, 'quartiles': {'q1': 0.6, 'q2': 0.6, 'q3': 0.6}, 'iqr': 0.0, 'percentiles': {'p10': 0.6, 'p90': 0.6}, 'iqr_outliers': {'count': 0, 'values': []}, 'linear_trend': None}, {'category': 'Special education', 'n': 1, 'sum': 0.6, 'min': 0.6, 'max': 0.6, 'range': 0.0, 'mean': 0.6, 'median': 0.6, 'mode': [], 'standard_deviation': 0.0, 'coefficient_of_variation': 0.0, 'quartiles': {'q1': 0.6, 'q2': 0.6, 'q3': 0.6}, 'iqr': 0.0, 'percentiles': {'p10': 0.6, 'p90': 0.6}, 'iqr_outliers': {'count': 0, 'values': []}, 'linear_trend': None}, {'category': 'Languages', 'n': 1, 'sum': 0.6, 'min': 0.6, 'max': 0.6, 'range': 0.0, 'mean': 0.6, 'median': 0.6, 'mode': [], 'standard_deviation': 0.0, 'coefficient_of_variation': 0.0, 'quartiles': {'q1': 0.6, 'q2': 0.6, 'q3': 0.6}, 'iqr': 0.0, 'percentiles': {'p10': 0.6, 'p90': 0.6}, 'iqr_outliers': {'count': 0, 'values': []}, 'linear_trend': None}, {'category': 'Basic computing', 'n': 1, 'sum': 0.7, 'min': 0.7, 'max': 0.7, 'range': 0.0, 'mean': 0.7, 'median': 0.7, 'mode': [], 'standard_deviation': 0.0, 'coefficient_of_variation': 0.0, 'quartiles': {'q1': 0.7, 'q2': 0.7, 'q3': 0.7}, 'iqr': 0.0, 'percentiles': {'p10': 0.7, 'p90': 0.7}, 'iqr_outliers': {'count': 0, 'values': []}, 'linear_trend': None}]}, 'series': {'count': 1, 'stats_by_series': [{'series': 'Share', 'n': 12, 'sum': 100.0, 'min': 0.6, 'max': 90.3, 'range': 89.7, 'mean': 8.333333, 'median': 0.85, 'mode': [0.6], 'standard_deviation': 25.814877, 'coefficient_of_variation': 3.097785, 'quartiles': {'q1': 0.6, 'q2': 0.85, 'q3': 1.125}, 'iqr': 0.525, 'percentiles': {'p10': 0.6, 'p90': 1.65}, 'iqr_outliers': {'count': 1, 'values': [90.3]}, 'linear_trend': -3.504196}]}, 'global_stats': {'n': 12, 'sum': 100.0, 'min': 0.6, 'max': 90.3, 'range': 89.7, 'mean': 8.333333, 'median': 0.85, 'mode': [0.6], 'standard_deviation': 25.814877, 'coefficient_of_variation': 3.097785, 'quartiles': {'q1': 0.6, 'q2': 0.85, 'q3': 1.125}, 'iqr': 0.525, 'percentiles': {'p10': 0.6, 'p90': 1.65}, 'iqr_outliers': {'count': 1, 'values': [90.3]}, 'linear_trend': -3.504196}, 'chart_max_value': 90.3, 'chart_min_value': 0.6, 'xy_correlation': None}"
CASE_02604,demographics indicators by category (02604),Pie,Pie of Pie,"{'x': {'min': 'Children', 'max': 'Adults', 'interval': 1, 'unit': 'category'}, 'y': {'min': 5.9, 'max': 86.6, 'interval': 40.35, 'unit': '% of total'}}","['Children', 'Youth', 'Adults']",['Share'],"{'categories': {'count': 3, 'stats_by_category': [{'category': 'Children', 'n': 1, 'sum': 86.6, 'min': 86.6, 'max': 86.6, 'range': 0.0, 'mean': 86.6, 'median': 86.6, 'mode': [], 'standard_deviation': 0.0, 'coefficient_of_variation': 0.0, 'quartiles': {'q1': 86.6, 'q2': 86.6, 'q3': 86.6}, 'iqr': 0.0, 'percentiles': {'p10': 86.6, 'p90': 86.6}, 'iqr_outliers': {'count': 0, 'values': []}, 'linear_trend': None}, {'category': 'Youth', 'n': 1, 'sum': 7.5, 'min': 7.5, 'max': 7.5, 'range': 0.0, 'mean': 7.5, 'median': 7.5, 'mode': [], 'standard_deviation': 0.0, 'coefficient_of_variation': 0.0, 'quartiles': {'q1': 7.5, 'q2': 7.5, 'q3': 7.5}, 'iqr': 0.0, 'percentiles': {'p10': 7.5, 'p90': 7.5}, 'iqr_outliers': {'count': 0, 'values': []}, 'linear_trend': None}, {'category': 'Adults', 'n': 1, 'sum': 5.9, 'min': 5.9, 'max': 5.9, 'range': 0.0, 'mean': 5.9, 'median': 5.9, 'mode': [], 'standard_deviation': 0.0, 'coefficient_of_variation': 0.0, 'quartiles': {'q1': 5.9, 'q2': 5.9, 'q3': 5.9}, 'iqr': 0.0, 'percentiles': {'p10': 5.9, 'p90': 5.9}, 'iqr_outliers': {'count': 0, 'values': []}, 'linear_trend': None}]}, 'series': {'count': 1, 'stats_by_series': [{'series': 'Share', 'n': 3, 'sum': 100.0, 'min': 5.9, 'max': 86.6, 'range': 80.7, 'mean': 33.333333, 'median': 7.5, 'mode': [], 'standard_deviation': 46.137223, 'coefficient_of_variation': 1.384117, 'quartiles': {'q1': 6.7, 'q2': 7.5, 'q3': 47.05}, 'iqr': 40.35, 'percentiles': {'p10': 6.22, 'p90': 70.78}, 'iqr_outliers': {'count': 0, 'values': []}, 'linear_trend': -40.35}]}, 'global_stats': {'n': 3, 'sum': 100.0, 'min': 5.9, 'max': 86.6, 'range': 80.7, 'mean': 33.333333, 'median': 7.5, 'mode': [], 'standard_deviation': 46.137223, 'coefficient_of_variation': 1.384117, 'quartiles': {'q1': 6.7, 'q2': 7.5, 'q3': 47.05}, 'iqr': 40.35, 'percentiles': {'p10': 6.22, 'p90': 70.78}, 'iqr_outliers': {'count': 0, 'values': []}, 'linear_trend': -40.35}, 'chart_max_value': 86.6, 'chart_min_value': 5.9, 'xy_correlation': None}"
CASE_02612,education indicators by category (02612),Pie,Pie of Pie,"{'x': {'min': 'Primary', 'max': 'University', 'interval': 1, 'unit': 'category'}, 'y': {'min': 1.7, 'max': 89.0, 'interval': 21.825, 'unit': '% of students'}}","['Primary', 'Lower secondary', 'Upper secondary', 'Vocational training', 'University']",['Share'],"{'categories': {'count': 5, 'stats_by_category': [{'category': 'Primary', 'n': 1, 'sum': 89.0, 'min': 89.0, 'max': 89.0, 'range': 0.0, 'mean': 89.0, 'median': 89.0, 'mode': [], 'standard_deviation': 0.0, 'coefficient_of_variation': 0.0, 'quartiles': {'q1': 89.0, 'q2': 89.0, 'q3': 89.0}, 'iqr': 0.0, 'percentiles': {'p10': 89.0, 'p90': 89.0}, 'iqr_outliers': {'count': 0, 'values': []}, 'linear_trend': None}, {'category': 'Lower secondary', 'n': 1, 'sum': 3.9, 'min': 3.9, 'max': 3.9, 'range': 0.0, 'mean': 3.9, 'median': 3.9, 'mode': [], 'standard_deviation': 0.0, 'coefficient_of_variation': 0.0, 'quartiles': {'q1': 3.9, 'q2': 3.9, 'q3': 3.9}, 'iqr': 0.0, 'percentiles': {'p10': 3.9, 'p90': 3.9}, 'iqr_outliers': {'count': 0, 'values': []}, 'linear_trend': None}, {'category': 'Upper secondary', 'n': 1, 'sum': 2.8, 'min': 2.8, 'max': 2.8, 'range': 0.0, 'mean': 2.8, 'median': 2.8, 'mode': [], 'standard_deviation': 0.0, 'coefficient_of_variation': 0.0, 'quartiles': {'q1': 2.8, 'q2': 2.8, 'q3': 2.8}, 'iqr': 0.0, 'percentiles': {'p10': 2.8, 'p90': 2.8}, 'iqr_outliers': {'count': 0, 'values': []}, 'linear_trend': None}, {'category': 'Vocational training', 'n': 1, 'sum': 2.6, 'min': 2.6, 'max': 2.6, 'range': 0.0, 'mean': 2.6, 'median': 2.6, 'mode': [], 'standard_deviation': 0.0, 'coefficient_of_variation': 0.0, 'quartiles': {'q1': 2.6, 'q2': 2.6, 'q3': 2.6}, 'iqr': 0.0, 'percentiles': {'p10': 2.6, 'p90': 2.6}, 'iqr_outliers': {'count': 0, 'values': []}, 'linear_trend': None}, {'category': 'University', 'n': 1, 'sum': 1.7, 'min': 1.7, 'max': 1.7, 'range': 0.0, 'mean': 1.7, 'median': 1.7, 'mode': [], 'standard_deviation': 0.0, 'coefficient_of_variation': 0.0, 'quartiles': {'q1': 1.7, 'q2': 1.7, 'q3': 1.7}, 'iqr': 0.0, 'percentiles': {'p10': 1.7, 'p90': 1.7}, 'iqr_outliers': {'count': 0, 'values': []}, 'linear_trend': None}]}, 'series': {'count': 1, 'stats_by_series': [{'series': 'Share', 'n': 5, 'sum': 100.0, 'min': 1.7, 'max': 89.0, 'range': 87.3, 'mean': 20.0, 'median': 2.8, 'mode': [], 'standard_deviation': 38.580111, 'coefficient_of_variation': 1.929006, 'quartiles': {'q1': 2.6, 'q2': 2.8, 'q3': 3.9}, 'iqr': 1.3, 'percentiles': {'p10': 2.06, 'p90': 54.96}, 'iqr_outliers': {'count': 1, 'values': [89.0]}, 'linear_trend': -17.59}]}, 'global_stats': {'n': 5, 'sum': 100.0, 'min': 1.7, 'max': 89.0, 'range': 87.3, 'mean': 20.0, 'median': 2.8, 'mode': [], 'standard_deviation': 38.580111, 'coefficient_of_variation': 1.929006, 'quartiles': {'q1': 2.6, 'q2': 2.8, 'q3': 3.9}, 'iqr': 1.3, 'percentiles': {'p10': 2.06, 'p90': 54.96}, 'iqr_outliers': {'count': 1, 'values': [89.0]}, 'linear_trend': -17.59}, 'chart_max_value': 89.0, 'chart_min_value': 1.7, 'xy_correlation': None}"
CASE_02615,operations indicators by category (02615),Pie,Pie of Pie,"{'x': {'min': 'Receiving', 'max': 'Returns', 'interval': 1, 'unit': 'category'}, 'y': {'min': 1.8, 'max': 88.5, 'interval': 21.675, 'unit': '% of activity'}}","['Receiving', 'Picking', 'Dispatch', 'Quality', 'Returns']",['Share'],"{'categories': {'count': 5, 'stats_by_category': [{'category': 'Receiving', 'n': 1, 'sum': 88.5, 'min': 88.5, 'max': 88.5, 'range': 0.0, 'mean': 88.5, 'median': 88.5, 'mode': [], 'standard_deviation': 0.0, 'coefficient_of_variation': 0.0, 'quartiles': {'q1': 88.5, 'q2': 88.5, 'q3': 88.5}, 'iqr': 0.0, 'percentiles': {'p10': 88.5, 'p90': 88.5}, 'iqr_outliers': {'count': 0, 'values': []}, 'linear_trend': None}, {'category': 'Picking', 'n': 1, 'sum': 4.5, 'min': 4.5, 'max': 4.5, 'range': 0.0, 'mean': 4.5, 'median': 4.5, 'mode': [], 'standard_deviation': 0.0, 'coefficient_of_variation': 0.0, 'quartiles': {'q1': 4.5, 'q2': 4.5, 'q3': 4.5}, 'iqr': 0.0, 'percentiles': {'p10': 4.5, 'p90': 4.5}, 'iqr_outliers': {'count': 0, 'values': []}, 'linear_trend': None}, {'category': 'Dispatch', 'n': 1, 'sum': 3.3, 'min': 3.3, 'max': 3.3, 'range': 0.0, 'mean': 3.3, 'median': 3.3, 'mode': [], 'standard_deviation': 0.0, 'coefficient_of_variation': 0.0, 'quartiles': {'q1': 3.3, 'q2': 3.3, 'q3': 3.3}, 'iqr': 0.0, 'percentiles': {'p10': 3.3, 'p90': 3.3}, 'iqr_outliers': {'count': 0, 'values': []}, 'linear_trend': None}, {'category': 'Quality', 'n': 1, 'sum': 1.8, 'min': 1.8, 'max': 1.8, 'range': 0.0, 'mean': 1.8, 'median': 1.8, 'mode': [], 'standard_deviation': 0.0, 'coefficient_of_variation': 0.0, 'quartiles': {'q1': 1.8, 'q2': 1.8, 'q3': 1.8}, 'iqr': 0.0, 'percentiles': {'p10': 1.8, 'p90': 1.8}, 'iqr_outliers': {'count': 0, 'values': []}, 'linear_trend': None}, {'category': 'Returns', 'n': 1, 'sum': 1.9, 'min': 1.9, 'max': 1.9, 'range': 0.0, 'mean': 1.9, 'median': 1.9, 'mode': [], 'standard_deviation': 0.0, 'coefficient_of_variation': 0.0, 'quartiles': {'q1': 1.9, 'q2': 1.9, 'q3': 1.9}, 'iqr': 0.0, 'percentiles': {'p10': 1.9, 'p90': 1.9}, 'iqr_outliers': {'count': 0, 'values': []}, 'linear_trend': None}]}, 'series': {'count': 1, 'stats_by_series': [{'series': 'Share', 'n': 5, 'sum': 100.0, 'min': 1.8, 'max': 88.5, 'range': 86.7, 'mean': 20.0, 'median': 3.3, 'mode': [], 'standard_deviation': 38.308746, 'coefficient_of_variation': 1.915437, 'quartiles': {'q1': 1.9, 'q2': 3.3, 'q3': 4.5}, 'iqr': 2.6, 'percentiles': {'p10': 1.84, 'p90': 54.9}, 'iqr_outliers': {'count': 1, 'values': [88.5]}, 'linear_trend': -17.59}]}, 'global_stats': {'n': 5, 'sum': 100.0, 'min': 1.8, 'max': 88.5, 'range': 86.7, 'mean': 20.0, 'median': 3.3, 'mode': [], 'standard_deviation': 38.308746, 'coefficient_of_variation': 1.915437, 'quartiles': {'q1': 1.9, 'q2': 3.3, 'q3': 4.5}, 'iqr': 2.6, 'percentiles': {'p10': 1.84, 'p90': 54.9}, 'iqr_outliers': {'count': 1, 'values': [88.5]}, 'linear_trend': -17.59}, 'chart_max_value': 88.5, 'chart_min_value': 1.8, 'xy_correlation': None}"
CASE_02626,web analytics indicators by category (02626),Pie,Pie of Pie,"{'x': {'min': 'Direct', 'max': 'Social', 'interval': 1, 'unit': 'category'}, 'y': {'min': 4.1, 'max': 88.2, 'interval': 42.05, 'unit': '% of sessions'}}","['Direct', 'Organic', 'Social']",['Share'],"{'categories': {'count': 3, 'stats_by_category': [{'category': 'Direct', 'n': 1, 'sum': 88.2, 'min': 88.2, 'max': 88.2, 'range': 0.0, 'mean': 88.2, 'median': 88.2, 'mode': [], 'standard_deviation': 0.0, 'coefficient_of_variation': 0.0, 'quartiles': {'q1': 88.2, 'q2': 88.2, 'q3': 88.2}, 'iqr': 0.0, 'percentiles': {'p10': 88.2, 'p90': 88.2}, 'iqr_outliers': {'count': 0, 'values': []}, 'linear_trend': None}, {'category': 'Organic', 'n': 1, 'sum': 7.7, 'min': 7.7, 'max': 7.7, 'range': 0.0, 'mean': 7.7, 'median': 7.7, 'mode': [], 'standard_deviation': 0.0, 'coefficient_of_variation': 0.0, 'quartiles': {'q1': 7.7, 'q2': 7.7, 'q3': 7.7}, 'iqr': 0.0, 'percentiles': {'p10': 7.7, 'p90': 7.7}, 'iqr_outliers': {'count': 0, 'values': []}, 'linear_trend': None}, {'category': 'Social', 'n': 1, 'sum': 4.1, 'min': 4.1, 'max': 4.1, 'range': 0.0, 'mean': 4.1, 'median': 4.1, 'mode': [], 'standard_deviation': 0.0, 'coefficient_of_variation': 0.0, 'quartiles': {'q1': 4.1, 'q2': 4.1, 'q3': 4.1}, 'iqr': 0.0, 'percentiles': {'p10': 4.1, 'p90': 4.1}, 'iqr_outliers': {'count': 0, 'values': []}, 'linear_trend': None}]}, 'series': {'count': 1, 'stats_by_series': [{'series': 'Share', 'n': 3, 'sum': 100.0, 'min': 4.1, 'max': 88.2, 'range': 84.1, 'mean': 33.333333, 'median': 7.7, 'mode': [], 'standard_deviation': 47.550009, 'coefficient_of_variation': 1.4265, 'quartiles': {'q1': 5.9, 'q2': 7.7, 'q3': 47.95}, 'iqr': 42.05, 'percentiles': {'p10': 4.82, 'p90': 72.1}, 'iqr_outliers': {'count': 0, 'values': []}, 'linear_trend': -42.05}]}, 'global_stats': {'n': 3, 'sum': 100.0, 'min': 4.1, 'max': 88.2, 'range': 84.1, 'mean': 33.333333, 'median': 7.7, 'mode': [], 'standard_deviation': 47.550009, 'coefficient_of_variation': 1.4265, 'quartiles': {'q1': 5.9, 'q2': 7.7, 'q3': 47.95}, 'iqr': 42.05, 'percentiles': {'p10': 4.82, 'p90': 72.1}, 'iqr_outliers': {'count': 0, 'values': []}, 'linear_trend': -42.05}, 'chart_max_value': 88.2, 'chart_min_value': 4.1, 'xy_correlation': None}"
CASE_02659,demographics indicators by category (02659),Pie,Bar of Pie,"{'x': {'min': 'Children', 'max': 'Dependency', 'interval': 1, 'unit': 'category'}, 'y': {'min': 2.2, 'max': 87.4, 'interval': 21.3, 'unit': '% of total'}}","['Children', 'Youth', 'Adults', 'Seniors', 'Dependency']",['Share'],"{'categories': {'count': 5, 'stats_by_category': [{'category': 'Children', 'n': 1, 'sum': 87.4, 'min': 87.4, 'max': 87.4, 'range': 0.0, 'mean': 87.4, 'median': 87.4, 'mode': [], 'standard_deviation': 0.0, 'coefficient_of_variation': 0.0, 'quartiles': {'q1': 87.4, 'q2': 87.4, 'q3': 87.4}, 'iqr': 0.0, 'percentiles': {'p10': 87.4, 'p90': 87.4}, 'iqr_outliers': {'count': 0, 'values': []}, 'linear_trend': None}, {'category': 'Youth', 'n': 1, 'sum': 4.7, 'min': 4.7, 'max': 4.7, 'range': 0.0, 'mean': 4.7, 'median': 4.7, 'mode': [], 'standard_deviation': 0.0, 'coefficient_of_variation': 0.0, 'quartiles': {'q1': 4.7, 'q2': 4.7, 'q3': 4.7}, 'iqr': 0.0, 'percentiles': {'p10': 4.7, 'p90': 4.7}, 'iqr_outliers': {'count': 0, 'values': []}, 'linear_trend': None}, {'category': 'Adults', 'n': 1, 'sum': 2.8, 'min': 2.8, 'max': 2.8, 'range': 0.0, 'mean': 2.8, 'median': 2.8, 'mode': [], 'standard_deviation': 0.0, 'coefficient_of_variation': 0.0, 'quartiles': {'q1': 2.8, 'q2': 2.8, 'q3': 2.8}, 'iqr': 0.0, 'percentiles': {'p10': 2.8, 'p90': 2.8}, 'iqr_outliers': {'count': 0, 'values': []}, 'linear_trend': None}, {'category': 'Seniors', 'n': 1, 'sum': 2.9, 'min': 2.9, 'max': 2.9, 'range': 0.0, 'mean': 2.9, 'median': 2.9, 'mode': [], 'standard_deviation': 0.0, 'coefficient_of_variation': 0.0, 'quartiles': {'q1': 2.9, 'q2': 2.9, 'q3': 2.9}, 'iqr': 0.0, 'percentiles': {'p10': 2.9, 'p90': 2.9}, 'iqr_outliers': {'count': 0, 'values': []}, 'linear_trend': None}, {'category': 'Dependency', 'n': 1, 'sum': 2.2, 'min': 2.2, 'max': 2.2, 'range': 0.0, 'mean': 2.2, 'median': 2.2, 'mode': [], 'standard_deviation': 0.0, 'coefficient_of_variation': 0.0, 'quartiles': {'q1': 2.2, 'q2': 2.2, 'q3': 2.2}, 'iqr': 0.0, 'percentiles': {'p10': 2.2, 'p90': 2.2}, 'iqr_outliers': {'count': 0, 'values': []}, 'linear_trend': None}]}, 'series': {'count': 1, 'stats_by_series': [{'series': 'Share', 'n': 5, 'sum': 100.0, 'min': 2.2, 'max': 87.4, 'range': 85.2, 'mean': 20.0, 'median': 2.9, 'mode': [], 'standard_deviation': 37.689322, 'coefficient_of_variation': 1.884466, 'quartiles': {'q1': 2.8, 'q2': 2.9, 'q3': 4.7}, 'iqr': 1.9, 'percentiles': {'p10': 2.44, 'p90': 54.32}, 'iqr_outliers': {'count': 1, 'values': [87.4]}, 'linear_trend': -17.22}]}, 'global_stats': {'n': 5, 'sum': 100.0, 'min': 2.2, 'max': 87.4, 'range': 85.2, 'mean': 20.0, 'median': 2.9, 'mode': [], 'standard_deviation': 37.689322, 'coefficient_of_variation': 1.884466, 'quartiles': {'q1': 2.8, 'q2': 2.9, 'q3': 4.7}, 'iqr': 1.9, 'percentiles': {'p10': 2.44, 'p90': 54.32}, 'iqr_outliers': {'count': 1, 'values': [87.4]}, 'linear_trend': -17.22}, 'chart_max_value': 87.4, 'chart_min_value': 2.2, 'xy_correlation': None}"
CASE_02664,demographics indicators by category (02664),Pie,Bar of Pie,"{'x': {'min': 'Children', 'max': 'Independent living', 'interval': 1, 'unit': 'category'}, 'y': {'min': 0.9, 'max': 89.5, 'interval': 14.767, 'unit': '% of total'}}","['Children', 'Youth', 'Adults', 'Seniors', 'Dependency', 'Migration', 'Housing', 'Independent living']",['Share'],"{'categories': {'count': 8, 'stats_by_category': [{'category': 'Children', 'n': 1, 'sum': 89.5, 'min': 89.5, 'max': 89.5, 'range': 0.0, 'mean': 89.5, 'median': 89.5, 'mode': [], 'standard_deviation': 0.0, 'coefficient_of_variation': 0.0, 'quartiles': {'q1': 89.5, 'q2': 89.5, 'q3': 89.5}, 'iqr': 0.0, 'percentiles': {'p10': 89.5, 'p90': 89.5}, 'iqr_outliers': {'count': 0, 'values': []}, 'linear_trend': None}, {'category': 'Youth', 'n': 1, 'sum': 3.0, 'min': 3.0, 'max': 3.0, 'range': 0.0, 'mean': 3.0, 'median': 3.0, 'mode': [], 'standard_deviation': 0.0, 'coefficient_of_variation': 0.0, 'quartiles': {'q1': 3.0, 'q2': 3.0, 'q3': 3.0}, 'iqr': 0.0, 'percentiles': {'p10': 3.0, 'p90': 3.0}, 'iqr_outliers': {'count': 0, 'values': []}, 'linear_trend': None}, {'category': 'Adults', 'n': 1, 'sum': 1.9, 'min': 1.9, 'max': 1.9, 'range': 0.0, 'mean': 1.9, 'median': 1.9, 'mode': [], 'standard_deviation': 0.0, 'coefficient_of_variation': 0.0, 'quartiles': {'q1': 1.9, 'q2': 1.9, 'q3': 1.9}, 'iqr': 0.0, 'percentiles': {'p10': 1.9, 'p90': 1.9}, 'iqr_outliers': {'count': 0, 'values': []}, 'linear_trend': None}, {'category': 'Seniors', 'n': 1, 'sum': 1.3, 'min': 1.3, 'max': 1.3, 'range': 0.0, 'mean': 1.3, 'median': 1.3, 'mode': [], 'standard_deviation': 0.0, 'coefficient_of_variation': 0.0, 'quartiles': {'q1': 1.3, 'q2': 1.3, 'q3': 1.3}, 'iqr': 0.0, 'percentiles': {'p10': 1.3, 'p90': 1.3}, 'iqr_outliers': {'count': 0, 'values': []}, 'linear_trend': None}, {'category': 'Dependency', 'n': 1, 'sum': 1.0, 'min': 1.0, 'max': 1.0, 'range': 0.0, 'mean': 1.0, 'median': 1.0, 'mode': [], 'standard_deviation': 0.0, 'coefficient_of_variation': 0.0, 'quartiles': {'q1': 1.0, 'q2': 1.0, 'q3': 1.0}, 'iqr': 0.0, 'percentiles': {'p10': 1.0, 'p90': 1.0}, 'iqr_outliers': {'count': 0, 'values': []}, 'linear_trend': None}, {'category': 'Migration', 'n': 1, 'sum': 1.5, 'min': 1.5, 'max': 1.5, 'range': 0.0, 'mean': 1.5, 'median': 1.5, 'mode': [], 'standard_deviation': 0.0, 'coefficient_of_variation': 0.0, 'quartiles': {'q1': 1.5, 'q2': 1.5, 'q3': 1.5}, 'iqr': 0.0, 'percentiles': {'p10': 1.5, 'p90': 1.5}, 'iqr_outliers': {'count': 0, 'values': []}, 'linear_trend': None}, {'category': 'Housing', 'n': 1, 'sum': 0.9, 'min': 0.9, 'max': 0.9, 'range': 0.0, 'mean': 0.9, 'median': 0.9, 'mode': [], 'standard_deviation': 0.0, 'coefficient_of_variation': 0.0, 'quartiles': {'q1': 0.9, 'q2': 0.9, 'q3': 0.9}, 'iqr': 0.0, 'percentiles': {'p10': 0.9, 'p90': 0.9}, 'iqr_outliers': {'count': 0, 'values': []}, 'linear_trend': None}, {'category': 'Independent living', 'n': 1, 'sum': 0.9, 'min': 0.9, 'max': 0.9, 'range': 0.0, 'mean': 0.9, 'median': 0.9, 'mode': [], 'standard_deviation': 0.0, 'coefficient_of_variation': 0.0, 'quartiles': {'q1': 0.9, 'q2': 0.9, 'q3': 0.9}, 'iqr': 0.0, 'percentiles': {'p10': 0.9, 'p90': 0.9}, 'iqr_outliers': {'count': 0, 'values': []}, 'linear_trend': None}]}, 'series': {'count': 1, 'stats_by_series': [{'series': 'Share', 'n': 8, 'sum': 100.0, 'min': 0.9, 'max': 89.5, 'range': 88.6, 'mean': 12.5, 'median': 1.4, 'mode': [0.9], 'standard_deviation': 31.120549, 'coefficient_of_variation': 2.489644, 'quartiles': {'q1': 0.975, 'q2': 1.4, 'q3': 2.175}, 'iqr': 1.2, 'percentiles': {'p10': 0.9, 'p90': 28.95}, 'iqr_outliers': {'count': 1, 'values': [89.5]}, 'linear_trend': -7.52619}]}, 'global_stats': {'n': 8, 'sum': 100.0, 'min': 0.9, 'max': 89.5, 'range': 88.6, 'mean': 12.5, 'median': 1.4, 'mode': [0.9], 'standard_deviation': 31.120549, 'coefficient_of_variation': 2.489644, 'quartiles': {'q1': 0.975, 'q2': 1.4, 'q3': 2.175}, 'iqr': 1.2, 'percentiles': {'p10': 0.9, 'p90': 28.95}, 'iqr_outliers': {'count': 1, 'values': [89.5]}, 'linear_trend': -7.52619}, 'chart_max_value': 89.5, 'chart_min_value': 0.9, 'xy_correlation': None}"
CASE_02675,operations indicators by category (02675),Pie,Bar of Pie,"{'x': {'min': 'Receiving', 'max': 'Returns', 'interval': 1, 'unit': 'category'}, 'y': {'min': 1.8, 'max': 88.6, 'interval': 21.7, 'unit': '% of activity'}}","['Receiving', 'Picking', 'Dispatch', 'Quality', 'Returns']",['Share'],"{'categories': {'count': 5, 'stats_by_category': [{'category': 'Receiving', 'n': 1, 'sum': 88.6, 'min': 88.6, 'max': 88.6, 'range': 0.0, 'mean': 88.6, 'median': 88.6, 'mode': [], 'standard_deviation': 0.0, 'coefficient_of_variation': 0.0, 'quartiles': {'q1': 88.6, 'q2': 88.6, 'q3': 88.6}, 'iqr': 0.0, 'percentiles': {'p10': 88.6, 'p90': 88.6}, 'iqr_outliers': {'count': 0, 'values': []}, 'linear_trend': None}, {'category': 'Picking', 'n': 1, 'sum': 4.4, 'min': 4.4, 'max': 4.4, 'range': 0.0, 'mean': 4.4, 'median': 4.4, 'mode': [], 'standard_deviation': 0.0, 'coefficient_of_variation': 0.0, 'quartiles': {'q1': 4.4, 'q2': 4.4, 'q3': 4.4}, 'iqr': 0.0, 'percentiles': {'p10': 4.4, 'p90': 4.4}, 'iqr_outliers': {'count': 0, 'values': []}, 'linear_trend': None}, {'category': 'Dispatch', 'n': 1, 'sum': 2.7, 'min': 2.7, 'max': 2.7, 'range': 0.0, 'mean': 2.7, 'median': 2.7, 'mode': [], 'standard_deviation': 0.0, 'coefficient_of_variation': 0.0, 'quartiles': {'q1': 2.7, 'q2': 2.7, 'q3': 2.7}, 'iqr': 0.0, 'percentiles': {'p10': 2.7, 'p90': 2.7}, 'iqr_outliers': {'count': 0, 'values': []}, 'linear_trend': None}, {'category': 'Quality', 'n': 1, 'sum': 2.5, 'min': 2.5, 'max': 2.5, 'range': 0.0, 'mean': 2.5, 'median': 2.5, 'mode': [], 'standard_deviation': 0.0, 'coefficient_of_variation': 0.0, 'quartiles': {'q1': 2.5, 'q2': 2.5, 'q3': 2.5}, 'iqr': 0.0, 'percentiles': {'p10': 2.5, 'p90': 2.5}, 'iqr_outliers': {'count': 0, 'values': []}, 'linear_trend': None}, {'category': 'Returns', 'n': 1, 'sum': 1.8, 'min': 1.8, 'max': 1.8, 'range': 0.0, 'mean': 1.8, 'median': 1.8, 'mode': [], 'standard_deviation': 0.0, 'coefficient_of_variation': 0.0, 'quartiles': {'q1': 1.8, 'q2': 1.8, 'q3': 1.8}, 'iqr': 0.0, 'percentiles': {'p10': 1.8, 'p90': 1.8}, 'iqr_outliers': {'count': 0, 'values': []}, 'linear_trend': None}]}, 'series': {'count': 1, 'stats_by_series': [{'series': 'Share', 'n': 5, 'sum': 100.0, 'min': 1.8, 'max': 88.6, 'range': 86.8, 'mean': 20.0, 'median': 2.7, 'mode': [], 'standard_deviation': 38.360461, 'coefficient_of_variation': 1.918023, 'quartiles': {'q1': 2.5, 'q2': 2.7, 'q3': 4.4}, 'iqr': 1.9, 'percentiles': {'p10': 2.08, 'p90': 54.92}, 'iqr_outliers': {'count': 1, 'values': [88.6]}, 'linear_trend': -17.55}]}, 'global_stats': {'n': 5, 'sum': 100.0, 'min': 1.8, 'max': 88.6, 'range': 86.8, 'mean': 20.0, 'median': 2.7, 'mode': [], 'standard_deviation': 38.360461, 'coefficient_of_variation': 1.918023, 'quartiles': {'q1': 2.5, 'q2': 2.7, 'q3': 4.4}, 'iqr': 1.9, 'percentiles': {'p10': 2.08, 'p90': 54.92}, 'iqr_outliers': {'count': 1, 'values': [88.6]}, 'linear_trend': -17.55}, 'chart_max_value': 88.6, 'chart_min_value': 1.8, 'xy_correlation': None}"
CASE_02683,sales indicators by category (02683),Pie,Bar of Pie,"{'x': {'min': 'Physical store', 'max': 'Phone channel', 'interval': 1, 'unit': 'category'}, 'y': {'min': 1.8, 'max': 89.3, 'interval': 21.875, 'unit': '% of sales'}}","['Physical store', 'E-commerce', 'Distributor', 'Marketplace', 'Phone channel']",['Share'],"{'categories': {'count': 5, 'stats_by_category': [{'category': 'Physical store', 'n': 1, 'sum': 89.3, 'min': 89.3, 'max': 89.3, 'range': 0.0, 'mean': 89.3, 'median': 89.3, 'mode': [], 'standard_deviation': 0.0, 'coefficient_of_variation': 0.0, 'quartiles': {'q1': 89.3, 'q2': 89.3, 'q3': 89.3}, 'iqr': 0.0, 'percentiles': {'p10': 89.3, 'p90': 89.3}, 'iqr_outliers': {'count': 0, 'values': []}, 'linear_trend': None}, {'category': 'E-commerce', 'n': 1, 'sum': 4.4, 'min': 4.4, 'max': 4.4, 'range': 0.0, 'mean': 4.4, 'median': 4.4, 'mode': [], 'standard_deviation': 0.0, 'coefficient_of_variation': 0.0, 'quartiles': {'q1': 4.4, 'q2': 4.4, 'q3': 4.4}, 'iqr': 0.0, 'percentiles': {'p10': 4.4, 'p90': 4.4}, 'iqr_outliers': {'count': 0, 'values': []}, 'linear_trend': None}, {'category': 'Distributor', 'n': 1, 'sum': 2.6, 'min': 2.6, 'max': 2.6, 'range': 0.0, 'mean': 2.6, 'median': 2.6, 'mode': [], 'standard_deviation': 0.0, 'coefficient_of_variation': 0.0, 'quartiles': {'q1': 2.6, 'q2': 2.6, 'q3': 2.6}, 'iqr': 0.0, 'percentiles': {'p10': 2.6, 'p90': 2.6}, 'iqr_outliers': {'count': 0, 'values': []}, 'linear_trend': None}, {'category': 'Marketplace', 'n': 1, 'sum': 1.9, 'min': 1.9, 'max': 1.9, 'range': 0.0, 'mean': 1.9, 'median': 1.9, 'mode': [], 'standard_deviation': 0.0, 'coefficient_of_variation': 0.0, 'quartiles': {'q1': 1.9, 'q2': 1.9, 'q3': 1.9}, 'iqr': 0.0, 'percentiles': {'p10': 1.9, 'p90': 1.9}, 'iqr_outliers': {'count': 0, 'values': []}, 'linear_trend': None}, {'category': 'Phone channel', 'n': 1, 'sum': 1.8, 'min': 1.8, 'max': 1.8, 'range': 0.0, 'mean': 1.8, 'median': 1.8, 'mode': [], 'standard_deviation': 0.0, 'coefficient_of_variation': 0.0, 'quartiles': {'q1': 1.8, 'q2': 1.8, 'q3': 1.8}, 'iqr': 0.0, 'percentiles': {'p10': 1.8, 'p90': 1.8}, 'iqr_outliers': {'count': 0, 'values': []}, 'linear_trend': None}]}, 'series': {'count': 1, 'stats_by_series': [{'series': 'Share', 'n': 5, 'sum': 100.0, 'min': 1.8, 'max': 89.3, 'range': 87.5, 'mean': 20.0, 'median': 2.6, 'mode': [], 'standard_deviation': 38.753903, 'coefficient_of_variation': 1.937695, 'quartiles': {'q1': 1.9, 'q2': 2.6, 'q3': 4.4}, 'iqr': 2.5, 'percentiles': {'p10': 1.84, 'p90': 55.34}, 'iqr_outliers': {'count': 1, 'values': [89.3]}, 'linear_trend': -17.75}]}, 'global_stats': {'n': 5, 'sum': 100.0, 'min': 1.8, 'max': 89.3, 'range': 87.5, 'mean': 20.0, 'median': 2.6, 'mode': [], 'standard_deviation': 38.753903, 'coefficient_of_variation': 1.937695, 'quartiles': {'q1': 1.9, 'q2': 2.6, 'q3': 4.4}, 'iqr': 2.5, 'percentiles': {'p10': 1.84, 'p90': 55.34}, 'iqr_outliers': {'count': 1, 'values': [89.3]}, 'linear_trend': -17.75}, 'chart_max_value': 89.3, 'chart_min_value': 1.8, 'xy_correlation': None}"
CASE_02695,Relative share by category in operations (02695),Pie,Exploded Pie,"{'x': {'min': 'Receiving', 'max': 'Dispatch', 'interval': 1, 'unit': 'category'}, 'y': {'min': 4.6, 'max': 88.6, 'interval': 42.0, 'unit': '% of activity'}}","['Receiving', 'Picking', 'Dispatch']",['Share'],"{'categories': {'count': 3, 'stats_by_category': [{'category': 'Receiving', 'n': 1, 'sum': 88.6, 'min': 88.6, 'max': 88.6, 'range': 0.0, 'mean': 88.6, 'median': 88.6, 'mode': [], 'standard_deviation': 0.0, 'coefficient_of_variation': 0.0, 'quartiles': {'q1': 88.6, 'q2': 88.6, 'q3': 88.6}, 'iqr': 0.0, 'percentiles': {'p10': 88.6, 'p90': 88.6}, 'iqr_outliers': {'count': 0, 'values': []}, 'linear_trend': None}, {'category': 'Picking', 'n': 1, 'sum': 6.8, 'min': 6.8, 'max': 6.8, 'range': 0.0, 'mean': 6.8, 'median': 6.8, 'mode': [], 'standard_deviation': 0.0, 'coefficient_of_variation': 0.0, 'quartiles': {'q1': 6.8, 'q2': 6.8, 'q3': 6.8}, 'iqr': 0.0, 'percentiles': {'p10': 6.8, 'p90': 6.8}, 'iqr_outliers': {'count': 0, 'values': []}, 'linear_trend': None}, {'category': 'Dispatch', 'n': 1, 'sum': 4.6, 'min': 4.6, 'max': 4.6, 'range': 0.0, 'mean': 4.6, 'median': 4.6, 'mode': [], 'standard_deviation': 0.0, 'coefficient_of_variation': 0.0, 'quartiles': {'q1': 4.6, 'q2': 4.6, 'q3': 4.6}, 'iqr': 0.0, 'percentiles': {'p10': 4.6, 'p90': 4.6}, 'iqr_outliers': {'count': 0, 'values': []}, 'linear_trend': None}]}, 'series': {'count': 1, 'stats_by_series': [{'series': 'Share', 'n': 3, 'sum': 100.0, 'min': 4.6, 'max': 88.6, 'range': 84.0, 'mean': 33.333333, 'median': 6.8, 'mode': [], 'standard_deviation': 47.874976, 'coefficient_of_variation': 1.436249, 'quartiles': {'q1': 5.7, 'q2': 6.8, 'q3': 47.7}, 'iqr': 42.0, 'percentiles': {'p10': 5.04, 'p90': 72.24}, 'iqr_outliers': {'count': 0, 'values': []}, 'linear_trend': -42.0}]}, 'global_stats': {'n': 3, 'sum': 100.0, 'min': 4.6, 'max': 88.6, 'range': 84.0, 'mean': 33.333333, 'median': 6.8, 'mode': [], 'standard_deviation': 47.874976, 'coefficient_of_variation': 1.436249, 'quartiles': {'q1': 5.7, 'q2': 6.8, 'q3': 47.7}, 'iqr': 42.0, 'percentiles': {'p10': 5.04, 'p90': 72.24}, 'iqr_outliers': {'count': 0, 'values': []}, 'linear_trend': -42.0}, 'chart_max_value': 88.6, 'chart_min_value': 4.6, 'xy_correlation': None}"
CASE_02705,Relative share by category in operations (02705),Pie,Exploded Pie,"{'x': {'min': 'Receiving', 'max': 'Dispatch', 'interval': 1, 'unit': 'category'}, 'y': {'min': 32.4, 'max': 34.1, 'interval': 0.85, 'unit': '% of activity'}}","['Receiving', 'Picking', 'Dispatch']",['Share'],"{'categories': {'count': 3, 'stats_by_category': [{'category': 'Receiving', 'n': 1, 'sum': 32.4, 'min': 32.4, 'max': 32.4, 'range': 0.0, 'mean': 32.4, 'median': 32.4, 'mode': [], 'standard_deviation': 0.0, 'coefficient_of_variation': 0.0, 'quartiles': {'q1': 32.4, 'q2': 32.4, 'q3': 32.4}, 'iqr': 0.0, 'percentiles': {'p10': 32.4, 'p90': 32.4}, 'iqr_outliers': {'count': 0, 'values': []}, 'linear_trend': None}, {'category': 'Picking', 'n': 1, 'sum': 34.1, 'min': 34.1, 'max': 34.1, 'range': 0.0, 'mean': 34.1, 'median': 34.1, 'mode': [], 'standard_deviation': 0.0, 'coefficient_of_variation': 0.0, 'quartiles': {'q1': 34.1, 'q2': 34.1, 'q3': 34.1}, 'iqr': 0.0, 'percentiles': {'p10': 34.1, 'p90': 34.1}, 'iqr_outliers': {'count': 0, 'values': []}, 'linear_trend': None}, {'category': 'Dispatch', 'n': 1, 'sum': 33.5, 'min': 33.5, 'max': 33.5, 'range': 0.0, 'mean': 33.5, 'median': 33.5, 'mode': [], 'standard_deviation': 0.0, 'coefficient_of_variation': 0.0, 'quartiles': {'q1': 33.5, 'q2': 33.5, 'q3': 33.5}, 'iqr': 0.0, 'percentiles': {'p10': 33.5, 'p90': 33.5}, 'iqr_outliers': {'count': 0, 'values': []}, 'linear_trend': None}]}, 'series': {'count': 1, 'stats_by_series': [{'series': 'Share', 'n': 3, 'sum': 100.0, 'min': 32.4, 'max': 34.1, 'range': 1.7, 'mean': 33.333333, 'median': 33.5, 'mode': [], 'standard_deviation': 0.862168, 'coefficient_of_variation': 0.025865, 'quartiles': {'q1': 32.95, 'q2': 33.5, 'q3': 33.8}, 'iqr': 0.85, 'percentiles': {'p10': 32.62, 'p90': 33.98}, 'iqr_outliers': {'count': 0, 'values': []}, 'linear_trend': 0.55}]}, 'global_stats': {'n': 3, 'sum': 100.0, 'min': 32.4, 'max': 34.1, 'range': 1.7, 'mean': 33.333333, 'median': 33.5, 'mode': [], 'standard_deviation': 0.862168, 'coefficient_of_variation': 0.025865, 'quartiles': {'q1': 32.95, 'q2': 33.5, 'q3': 33.8}, 'iqr': 0.85, 'percentiles': {'p10': 32.62, 'p90': 33.98}, 'iqr_outliers': {'count': 0, 'values': []}, 'linear_trend': 0.55}, 'chart_max_value': 34.1, 'chart_min_value': 32.4, 'xy_correlation': None}"
CASE_02706,Relative share by category in web analytics (02706),Pie,Exploded Pie,"{'x': {'min': 'Direct', 'max': 'Display', 'interval': 1, 'unit': 'category'}, 'y': {'min': 11.8, 'max': 13.1, 'interval': 0.26, 'unit': '% of sessions'}}","['Direct', 'Organic', 'Social', 'Email', 'Referral', 'Paid Search', 'Affiliate', 'Display']",['Share'],"{'categories': {'count': 8, 'stats_by_category': [{'category': 'Direct', 'n': 1, 'sum': 12.6, 'min': 12.6, 'max': 12.6, 'range': 0.0, 'mean': 12.6, 'median': 12.6, 'mode': [], 'standard_deviation': 0.0, 'coefficient_of_variation': 0.0, 'quartiles': {'q1': 12.6, 'q2': 12.6, 'q3': 12.6}, 'iqr': 0.0, 'percentiles': {'p10': 12.6, 'p90': 12.6}, 'iqr_outliers': {'count': 0, 'values': []}, 'linear_trend': None}, {'category': 'Organic', 'n': 1, 'sum': 12.8, 'min': 12.8, 'max': 12.8, 'range': 0.0, 'mean': 12.8, 'median': 12.8, 'mode': [], 'standard_deviation': 0.0, 'coefficient_of_variation': 0.0, 'quartiles': {'q1': 12.8, 'q2': 12.8, 'q3': 12.8}, 'iqr': 0.0, 'percentiles': {'p10': 12.8, 'p90': 12.8}, 'iqr_outliers': {'count': 0, 'values': []}, 'linear_trend': None}, {'category': 'Social', 'n': 1, 'sum': 12.5, 'min': 12.5, 'max': 12.5, 'range': 0.0, 'mean': 12.5, 'median': 12.5, 'mode': [], 'standard_deviation': 0.0, 'coefficient_of_variation': 0.0, 'quartiles': {'q1': 12.5, 'q2': 12.5, 'q3': 12.5}, 'iqr': 0.0, 'percentiles': {'p10': 12.5, 'p90': 12.5}, 'iqr_outliers': {'count': 0, 'values': []}, 'linear_trend': None}, {'category': 'Email', 'n': 1, 'sum': 12.2, 'min': 12.2, 'max': 12.2, 'range': 0.0, 'mean': 12.2, 'median': 12.2, 'mode': [], 'standard_deviation': 0.0, 'coefficient_of_variation': 0.0, 'quartiles': {'q1': 12.2, 'q2': 12.2, 'q3': 12.2}, 'iqr': 0.0, 'percentiles': {'p10': 12.2, 'p90': 12.2}, 'iqr_outliers': {'count': 0, 'values': []}, 'linear_trend': None}, {'category': 'Referral', 'n': 1, 'sum': 12.2, 'min': 12.2, 'max': 12.2, 'range': 0.0, 'mean': 12.2, 'median': 12.2, 'mode': [], 'standard_deviation': 0.0, 'coefficient_of_variation': 0.0, 'quartiles': {'q1': 12.2, 'q2': 12.2, 'q3': 12.2}, 'iqr': 0.0, 'percentiles': {'p10': 12.2, 'p90': 12.2}, 'iqr_outliers': {'count': 0, 'values': []}, 'linear_trend': None}, {'category': 'Paid Search', 'n': 1, 'sum': 12.8, 'min': 12.8, 'max': 12.8, 'range': 0.0, 'mean': 12.8, 'median': 12.8, 'mode': [], 'standard_deviation': 0.0, 'coefficient_of_variation': 0.0, 'quartiles': {'q1': 12.8, 'q2': 12.8, 'q3': 12.8}, 'iqr': 0.0, 'percentiles': {'p10': 12.8, 'p90': 12.8}, 'iqr_outliers': {'count': 0, 'values': []}, 'linear_trend': None}, {'category': 'Affiliate', 'n': 1, 'sum': 13.1, 'min': 13.1, 'max': 13.1, 'range': 0.0, 'mean': 13.1, 'median': 13.1, 'mode': [], 'standard_deviation': 0.0, 'coefficient_of_variation': 0.0, 'quartiles': {'q1': 13.1, 'q2': 13.1, 'q3': 13.1}, 'iqr': 0.0, 'percentiles': {'p10': 13.1, 'p90': 13.1}, 'iqr_outliers': {'count': 0, 'values': []}, 'linear_trend': None}, {'category': 'Display', 'n': 1, 'sum': 11.8, 'min': 11.8, 'max': 11.8, 'range': 0.0, 'mean': 11.8, 'median': 11.8, 'mode': [], 'standard_deviation': 0.0, 'coefficient_of_variation': 0.0, 'quartiles': {'q1': 11.8, 'q2': 11.8, 'q3': 11.8}, 'iqr': 0.0, 'percentiles': {'p10': 11.8, 'p90': 11.8}, 'iqr_outliers': {'count': 0, 'values': []}, 'linear_trend': None}]}, 'series': {'count': 1, 'stats_by_series': [{'series': 'Share', 'n': 8, 'sum': 100.0, 'min': 11.8, 'max': 13.1, 'range': 1.3, 'mean': 12.5, 'median': 12.55, 'mode': [12.2, 12.8], 'standard_deviation': 0.417475, 'coefficient_of_variation': 0.033398, 'quartiles': {'q1': 12.2, 'q2': 12.55, 'q3': 12.8}, 'iqr': 0.6, 'percentiles': {'p10': 12.08, 'p90': 12.89}, 'iqr_outliers': {'count': 0, 'values': []}, 'linear_trend': -0.038095}]}, 'global_stats': {'n': 8, 'sum': 100.0, 'min': 11.8, 'max': 13.1, 'range': 1.3, 'mean': 12.5, 'median': 12.55, 'mode': [12.2, 12.8], 'standard_deviation': 0.417475, 'coefficient_of_variation': 0.033398, 'quartiles': {'q1': 12.2, 'q2': 12.55, 'q3': 12.8}, 'iqr': 0.6, 'percentiles': {'p10': 12.08, 'p90': 12.89}, 'iqr_outliers': {'count': 0, 'values': []}, 'linear_trend': -0.038095}, 'chart_max_value': 13.1, 'chart_min_value': 11.8, 'xy_correlation': None}"
CASE_02713,Relative share by category in sales (02713),Pie,Exploded Pie,"{'x': {'min': 'Physical store', 'max': 'Phone channel', 'interval': 1, 'unit': 'category'}, 'y': {'min': 19.0, 'max': 20.7, 'interval': 0.425, 'unit': '% of sales'}}","['Physical store', 'E-commerce', 'Distributor', 'Marketplace', 'Phone channel']",['Share'],"{'categories': {'count': 5, 'stats_by_category': [{'category': 'Physical store', 'n': 1, 'sum': 19.0, 'min': 19.0, 'max': 19.0, 'range': 0.0, 'mean': 19.0, 'median': 19.0, 'mode': [], 'standard_deviation': 0.0, 'coefficient_of_variation': 0.0, 'quartiles': {'q1': 19.0, 'q2': 19.0, 'q3': 19.0}, 'iqr': 0.0, 'percentiles': {'p10': 19.0, 'p90': 19.0}, 'iqr_outliers': {'count': 0, 'values': []}, 'linear_trend': None}, {'category': 'E-commerce', 'n': 1, 'sum': 20.1, 'min': 20.1, 'max': 20.1, 'range': 0.0, 'mean': 20.1, 'median': 20.1, 'mode': [], 'standard_deviation': 0.0, 'coefficient_of_variation': 0.0, 'quartiles': {'q1': 20.1, 'q2': 20.1, 'q3': 20.1}, 'iqr': 0.0, 'percentiles': {'p10': 20.1, 'p90': 20.1}, 'iqr_outliers': {'count': 0, 'values': []}, 'linear_trend': None}, {'category': 'Distributor', 'n': 1, 'sum': 19.8, 'min': 19.8, 'max': 19.8, 'range': 0.0, 'mean': 19.8, 'median': 19.8, 'mode': [], 'standard_deviation': 0.0, 'coefficient_of_variation': 0.0, 'quartiles': {'q1': 19.8, 'q2': 19.8, 'q3': 19.8}, 'iqr': 0.0, 'percentiles': {'p10': 19.8, 'p90': 19.8}, 'iqr_outliers': {'count': 0, 'values': []}, 'linear_trend': None}, {'category': 'Marketplace', 'n': 1, 'sum': 20.4, 'min': 20.4, 'max': 20.4, 'range': 0.0, 'mean': 20.4, 'median': 20.4, 'mode': [], 'standard_deviation': 0.0, 'coefficient_of_variation': 0.0, 'quartiles': {'q1': 20.4, 'q2': 20.4, 'q3': 20.4}, 'iqr': 0.0, 'percentiles': {'p10': 20.4, 'p90': 20.4}, 'iqr_outliers': {'count': 0, 'values': []}, 'linear_trend': None}, {'category': 'Phone channel', 'n': 1, 'sum': 20.7, 'min': 20.7, 'max': 20.7, 'range': 0.0, 'mean': 20.7, 'median': 20.7, 'mode': [], 'standard_deviation': 0.0, 'coefficient_of_variation': 0.0, 'quartiles': {'q1': 20.7, 'q2': 20.7, 'q3': 20.7}, 'iqr': 0.0, 'percentiles': {'p10': 20.7, 'p90': 20.7}, 'iqr_outliers': {'count': 0, 'values': []}, 'linear_trend': None}]}, 'series': {'count': 1, 'stats_by_series': [{'series': 'Share', 'n': 5, 'sum': 100.0, 'min': 19.0, 'max': 20.7, 'range': 1.7, 'mean': 20.0, 'median': 20.1, 'mode': [], 'standard_deviation': 0.65192, 'coefficient_of_variation': 0.032596, 'quartiles': {'q1': 19.8, 'q2': 20.1, 'q3': 20.4}, 'iqr': 0.6, 'percentiles': {'p10': 19.32, 'p90': 20.58}, 'iqr_outliers': {'count': 0, 'values': []}, 'linear_trend': 0.37}]}, 'global_stats': {'n': 5, 'sum': 100.0, 'min': 19.0, 'max': 20.7, 'range': 1.7, 'mean': 20.0, 'median': 20.1, 'mode': [], 'standard_deviation': 0.65192, 'coefficient_of_variation': 0.032596, 'quartiles': {'q1': 19.8, 'q2': 20.1, 'q3': 20.4}, 'iqr': 0.6, 'percentiles': {'p10': 19.32, 'p90': 20.58}, 'iqr_outliers': {'count': 0, 'values': []}, 'linear_trend': 0.37}, 'chart_max_value': 20.7, 'chart_min_value': 19.0, 'xy_correlation': None}"
